age,sex,job,housing,saving_accounts,checking_account,credit_amount,duration,purpose,risk,credit_per_month,age_risk_band,job_stability,housing_stability,has_saving_account,has_checking_account
67,male,2,own,unknown,little,1169,6,radio/TV,0,194.83333333333334,senior,1,1,0,1
22,female,2,own,little,moderate,5951,48,radio/TV,1,123.97916666666667,young,1,1,1,1
49,male,1,own,little,unknown,2096,12,education,0,174.66666666666666,mature,0,1,1,0
45,male,2,free,little,little,7882,42,furniture/equipment,0,187.66666666666666,mature,1,0,1,1
53,male,2,free,little,little,4870,24,car,1,202.91666666666666,mature,1,0,1,1
35,male,1,free,unknown,unknown,9055,36,education,0,251.52777777777777,mature,0,0,0,0
53,male,2,own,quite rich,unknown,2835,24,furniture/equipment,0,118.125,mature,1,1,1,0
35,male,3,rent,little,moderate,6948,36,car,0,193.0,mature,1,0,1,1
61,male,1,own,rich,unknown,3059,12,radio/TV,0,254.91666666666666,senior,0,1,1,0
28,male,3,own,little,moderate,5234,30,car,1,174.46666666666667,mature,1,1,1,1
25,female,2,rent,little,moderate,1295,12,car,1,107.91666666666667,mature,1,0,1,1
24,female,2,rent,little,little,4308,48,business,1,89.75,young,1,0,1,1
22,female,2,own,little,moderate,1567,12,radio/TV,0,130.58333333333334,young,1,1,1,1
60,male,1,own,little,little,1199,24,car,1,49.958333333333336,mature,0,1,1,1
28,female,2,rent,little,little,1403,15,car,0,93.53333333333333,mature,1,0,1,1
32,female,1,own,moderate,little,1282,24,radio/TV,1,53.416666666666664,mature,0,1,1,1
53,male,2,own,unknown,unknown,2424,24,radio/TV,0,101.0,mature,1,1,0,0
25,male,2,own,unknown,little,8072,30,business,0,269.06666666666666,mature,1,1,0,1
44,female,3,free,little,moderate,12579,24,car,1,524.125,mature,1,0,1,1
31,male,2,own,quite rich,unknown,3430,24,radio/TV,0,142.91666666666666,mature,1,1,1,0
48,male,2,own,little,unknown,2134,9,car,0,237.11111111111111,mature,1,1,1,0
44,male,2,rent,quite rich,little,2647,6,radio/TV,0,441.1666666666667,mature,1,0,1,1
48,male,1,rent,little,little,2241,10,car,0,224.1,mature,0,0,1,1
44,male,2,own,moderate,moderate,1804,12,car,0,150.33333333333334,mature,1,1,1,1
26,male,2,own,unknown,unknown,2069,10,furniture/equipment,0,206.9,mature,1,1,0,0
36,male,1,own,little,little,1374,6,furniture/equipment,0,229.0,mature,0,1,1,1
39,male,1,own,little,unknown,426,6,radio/TV,0,71.0,mature,0,1,1,0
42,female,2,rent,rich,rich,409,12,radio/TV,0,34.083333333333336,mature,1,0,1,1
34,male,2,own,little,moderate,2415,7,radio/TV,0,345.0,mature,1,1,1,1
63,male,2,own,little,little,6836,60,business,1,113.93333333333334,senior,1,1,1,1
36,male,2,own,rich,moderate,1913,18,business,0,106.27777777777777,mature,1,1,1,1
27,male,2,own,little,little,4020,24,furniture/equipment,0,167.5,mature,1,1,1,1
30,male,2,own,moderate,moderate,5866,18,car,0,325.8888888888889,mature,1,1,1,1
57,male,1,rent,unknown,unknown,1264,12,business,0,105.33333333333333,mature,0,0,0,0
33,female,3,own,little,rich,1474,12,furniture/equipment,0,122.83333333333333,mature,1,1,1,1
25,male,1,own,little,moderate,4746,45,radio/TV,1,105.46666666666667,mature,0,1,1,1
31,male,2,free,little,unknown,6110,48,education,0,127.29166666666667,mature,1,0,1,0
37,male,2,own,little,rich,2100,18,radio/TV,1,116.66666666666667,mature,1,1,1,1
37,male,2,own,little,rich,1225,10,domestic appliances,0,122.5,mature,1,1,1,1
24,male,2,own,little,moderate,458,9,radio/TV,0,50.888888888888886,young,1,1,1,1
30,male,3,own,quite rich,unknown,2333,30,radio/TV,0,77.76666666666667,mature,1,1,1,0
26,male,2,own,quite rich,moderate,1158,12,radio/TV,0,96.5,mature,1,1,1,1
44,male,1,own,little,moderate,6204,18,repairs,0,344.6666666666667,mature,0,1,1,1
24,male,2,rent,moderate,little,6187,30,car,0,206.23333333333332,young,1,0,1,1
58,female,1,free,little,little,6143,48,car,1,127.97916666666667,mature,0,0,1,1
35,female,3,own,little,unknown,1393,11,car,0,126.63636363636364,mature,1,1,1,0
39,male,2,own,quite rich,unknown,2299,36,radio/TV,0,63.861111111111114,mature,1,1,1,0
23,female,0,rent,quite rich,little,1352,6,car,0,225.33333333333334,young,0,0,1,1
39,male,1,own,little,unknown,7228,11,car,0,657.0909090909091,mature,0,1,1,0
28,female,2,own,moderate,unknown,2073,12,radio/TV,0,172.75,mature,1,1,1,0
29,male,1,own,unknown,moderate,2333,24,furniture/equipment,0,97.20833333333333,mature,0,1,0,1
30,male,3,own,little,moderate,5965,27,car,0,220.92592592592592,mature,1,1,1,1
25,male,2,own,little,unknown,1262,12,radio/TV,0,105.16666666666667,mature,1,1,1,0
31,male,2,own,unknown,unknown,3378,18,car,0,187.66666666666666,mature,1,1,0,0
57,male,2,free,little,moderate,2225,36,car,1,61.80555555555556,mature,1,0,1,1
26,male,1,own,unknown,unknown,783,6,car,0,130.5,mature,0,1,0,0
52,male,3,own,unknown,moderate,6468,12,radio/TV,1,539.0,mature,1,1,0,1
31,female,2,own,little,unknown,9566,36,radio/TV,0,265.72222222222223,mature,1,1,1,0
23,female,3,own,little,rich,1961,18,car,0,108.94444444444444,young,1,1,1,1
23,female,1,rent,little,little,6229,36,furniture/equipment,1,173.02777777777777,young,0,0,1,1
27,male,2,own,little,moderate,1391,9,business,0,154.55555555555554,mature,1,1,1,1
50,male,2,own,unknown,moderate,1537,15,radio/TV,0,102.46666666666667,mature,1,1,0,1
61,male,3,free,little,moderate,1953,36,business,1,54.25,senior,1,0,1,1
25,male,2,own,little,moderate,14421,48,business,1,300.4375,mature,1,1,1,1
26,female,2,own,little,unknown,3181,24,radio/TV,0,132.54166666666666,mature,1,1,1,0
48,male,2,own,unknown,unknown,5190,27,repairs,0,192.22222222222223,mature,1,1,0,0
29,female,2,own,little,unknown,2171,12,radio/TV,0,180.91666666666666,mature,1,1,1,0
22,male,2,own,rich,moderate,1007,12,car,0,83.91666666666667,young,1,1,1,1
37,male,2,free,little,unknown,1819,36,education,1,50.52777777777778,mature,1,0,1,0
25,female,2,own,unknown,unknown,2394,36,radio/TV,0,66.5,mature,1,1,0,0
30,female,2,own,little,unknown,8133,36,car,0,225.91666666666666,mature,1,1,1,0
46,male,1,rent,unknown,unknown,730,7,radio/TV,0,104.28571428571429,mature,0,0,0,0
51,male,3,free,little,little,1164,8,vacation/others,0,145.5,mature,1,0,1,1
41,female,1,own,little,moderate,5954,42,business,0,141.76190476190476,mature,0,1,1,1
40,male,3,own,unknown,little,1977,36,education,1,54.916666666666664,mature,1,1,0,1
66,male,3,free,little,little,1526,12,car,0,127.16666666666667,senior,1,0,1,1
34,male,2,own,little,little,3965,42,radio/TV,1,94.4047619047619,mature,1,1,1,1
51,male,2,own,little,moderate,4771,11,radio/TV,0,433.72727272727275,mature,1,1,1,1
39,male,1,own,unknown,unknown,9436,54,car,0,174.74074074074073,mature,0,1,0,0
22,male,2,own,little,moderate,3832,30,furniture/equipment,0,127.73333333333333,young,1,1,1,1
44,female,2,own,unknown,unknown,5943,24,radio/TV,1,247.625,mature,1,1,0,0
47,male,2,own,quite rich,unknown,1213,15,radio/TV,0,80.86666666666666,mature,1,1,1,0
24,female,1,rent,moderate,unknown,1568,18,business,0,87.11111111111111,young,0,0,1,0
58,female,1,own,little,little,1755,24,vacation/others,0,73.125,mature,0,1,1,1
52,male,1,own,little,little,2315,10,radio/TV,0,231.5,mature,0,1,1,1
29,female,3,own,little,unknown,1412,12,business,0,117.66666666666667,mature,1,1,1,0
27,female,2,own,little,moderate,1295,18,furniture/equipment,0,71.94444444444444,mature,1,1,1,1
47,male,2,free,moderate,moderate,12612,36,education,1,350.3333333333333,mature,1,0,1,1
30,male,3,own,moderate,little,2249,18,car,0,124.94444444444444,mature,1,1,1,1
28,male,2,own,little,little,1108,12,repairs,1,92.33333333333333,mature,1,1,1,1
56,male,2,own,little,unknown,618,12,radio/TV,0,51.5,mature,1,1,1,0
54,male,2,own,little,little,1409,12,car,0,117.41666666666667,mature,1,1,1,1
33,female,1,own,unknown,unknown,797,12,radio/TV,1,66.41666666666667,mature,0,1,0,0
20,male,2,rent,unknown,rich,3617,24,furniture/equipment,0,150.70833333333334,young,1,0,0,1
54,male,2,own,rich,moderate,1318,12,car,0,109.83333333333333,mature,1,1,1,1
58,male,2,rent,little,moderate,15945,54,business,1,295.27777777777777,mature,1,0,1,1
61,female,2,own,unknown,unknown,2012,12,education,0,167.66666666666666,senior,1,1,0,0
34,male,2,own,moderate,moderate,2622,18,business,0,145.66666666666666,mature,1,1,1,1
36,male,2,own,little,moderate,2337,36,radio/TV,0,64.91666666666667,mature,1,1,1,1
36,male,3,rent,unknown,moderate,7057,20,car,0,352.85,mature,1,0,0,1
41,male,1,rent,moderate,unknown,1469,24,car,0,61.208333333333336,mature,0,0,1,0
24,male,2,rent,little,moderate,2323,36,radio/TV,0,64.52777777777777,young,1,0,1,1
24,female,2,own,little,unknown,932,6,radio/TV,0,155.33333333333334,young,1,1,1,0
35,male,2,rent,little,moderate,1919,9,furniture/equipment,0,213.22222222222223,mature,1,0,1,1
26,male,2,rent,unknown,unknown,2445,12,car,0,203.75,mature,1,0,0,0
39,male,3,own,little,moderate,11938,24,vacation/others,1,497.4166666666667,mature,1,1,1,1
39,male,3,own,little,unknown,6458,18,car,1,358.77777777777777,mature,1,1,1,0
32,male,2,own,little,moderate,6078,12,car,0,506.5,mature,1,1,1,1
30,female,2,own,unknown,little,7721,24,furniture/equipment,0,321.7083333333333,mature,1,1,0,1
35,male,2,own,quite rich,moderate,1410,14,business,0,100.71428571428571,mature,1,1,1,1
31,male,2,own,moderate,moderate,1449,6,business,0,241.5,mature,1,1,1,1
23,female,2,rent,little,rich,392,15,education,0,26.133333333333333,young,1,0,1,1
28,male,1,rent,little,moderate,6260,18,car,0,347.77777777777777,mature,0,0,1,1
25,female,2,own,little,unknown,7855,36,car,1,218.19444444444446,mature,1,1,1,0
35,male,2,own,quite rich,little,1680,12,radio/TV,0,140.0,mature,1,1,1,1
47,male,2,own,unknown,unknown,3578,48,radio/TV,0,74.54166666666667,mature,1,1,0,0
30,female,3,own,unknown,little,7174,42,radio/TV,1,170.8095238095238,mature,1,1,0,1
27,female,2,rent,unknown,little,2132,10,furniture/equipment,0,213.2,mature,1,0,0,1
23,female,2,own,quite rich,little,4281,33,furniture/equipment,1,129.72727272727272,young,1,1,1,1
36,male,3,own,quite rich,moderate,2366,12,car,0,197.16666666666666,mature,1,1,1,1
25,female,2,own,little,little,1835,21,radio/TV,1,87.38095238095238,mature,1,1,1,1
41,female,3,rent,little,unknown,3868,24,car,0,161.16666666666666,mature,1,0,1,0
24,male,1,rent,little,unknown,1768,12,furniture/equipment,0,147.33333333333334,young,0,0,1,0
63,male,2,free,little,rich,781,10,car,0,78.1,senior,1,0,1,1
27,female,2,rent,unknown,moderate,1924,18,furniture/equipment,1,106.88888888888889,mature,1,0,0,1
30,male,2,own,little,little,2121,12,car,0,176.75,mature,1,1,1,1
40,male,1,own,little,little,701,12,radio/TV,0,58.416666666666664,mature,0,1,1,1
30,male,2,own,little,moderate,639,12,repairs,1,53.25,mature,1,1,1,1
34,male,3,own,little,moderate,1860,12,car,0,155.0,mature,1,1,1,1
29,female,2,own,little,little,3499,12,car,1,291.5833333333333,mature,1,1,1,1
24,female,2,own,unknown,moderate,8487,48,car,0,176.8125,young,1,1,0,1
29,male,2,own,little,little,6887,36,education,1,191.30555555555554,mature,1,1,1,1
27,male,1,own,little,unknown,2708,15,furniture/equipment,0,180.53333333333333,mature,0,1,1,0
47,male,2,free,little,unknown,1984,18,furniture/equipment,0,110.22222222222223,mature,1,0,1,0
21,female,2,own,moderate,unknown,10144,60,radio/TV,0,169.06666666666666,young,1,1,1,0
38,female,2,own,unknown,unknown,1240,12,radio/TV,0,103.33333333333333,mature,1,1,0,0
27,male,2,own,rich,unknown,8613,27,car,0,319.0,mature,1,1,1,0
66,male,1,own,quite rich,moderate,766,12,radio/TV,1,63.833333333333336,senior,0,1,1,1
35,male,2,own,unknown,moderate,2728,15,radio/TV,0,181.86666666666667,mature,1,1,0,1
44,female,1,rent,little,rich,1881,12,radio/TV,0,156.75,mature,0,0,1,1
27,male,0,own,rich,rich,709,6,car,0,118.16666666666667,mature,0,1,1,1
30,female,3,own,little,moderate,4795,36,radio/TV,0,133.19444444444446,mature,1,1,1,1
27,male,3,own,little,little,3416,27,radio/TV,0,126.51851851851852,mature,1,1,1,1
22,male,2,own,little,little,2462,18,furniture/equipment,1,136.77777777777777,young,1,1,1,1
23,female,2,own,little,unknown,2288,21,furniture/equipment,0,108.95238095238095,young,1,1,1,0
30,male,2,own,moderate,moderate,3566,48,business,0,74.29166666666667,mature,1,1,1,1
39,female,2,own,little,little,860,6,car,0,143.33333333333334,mature,1,1,1,1
51,female,2,own,moderate,unknown,682,12,car,0,56.833333333333336,mature,1,1,1,0
28,male,2,own,little,little,5371,36,furniture/equipment,0,149.19444444444446,mature,1,1,1,1
46,male,2,own,rich,unknown,1582,18,radio/TV,0,87.88888888888889,mature,1,1,1,0
42,male,2,free,moderate,unknown,1346,6,radio/TV,0,224.33333333333334,mature,1,0,1,0
38,male,2,own,little,unknown,1924,10,radio/TV,0,192.4,mature,1,1,1,0
24,male,2,own,little,rich,5848,36,radio/TV,0,162.44444444444446,young,1,1,1,1
29,female,2,rent,rich,moderate,7758,24,car,0,323.25,mature,1,0,1,1
36,male,3,rent,moderate,moderate,6967,24,business,0,290.2916666666667,mature,1,0,1,1
20,female,2,rent,little,little,1282,12,furniture/equipment,1,106.83333333333333,young,1,0,1,1
48,male,2,own,moderate,little,1288,9,repairs,0,143.11111111111111,mature,1,1,1,1
45,male,1,own,little,little,339,12,education,0,28.25,mature,0,1,1,1
38,male,2,own,moderate,moderate,3512,24,car,0,146.33333333333334,mature,1,1,1,1
34,male,1,own,unknown,unknown,1898,6,radio/TV,0,316.3333333333333,mature,0,1,0,0
36,male,2,own,moderate,unknown,2872,24,radio/TV,0,119.66666666666667,mature,1,1,1,0
30,female,2,own,little,unknown,1055,18,car,0,58.611111111111114,mature,1,1,1,0
36,male,2,own,quite rich,unknown,1262,15,domestic appliances,0,84.13333333333334,mature,1,1,1,0
70,male,3,free,little,moderate,7308,10,car,0,730.8,senior,1,0,1,1
36,male,2,own,quite rich,unknown,909,36,car,0,25.25,mature,1,1,1,0
32,male,2,own,quite rich,unknown,2978,6,furniture/equipment,0,496.3333333333333,mature,1,1,1,0
33,female,2,own,little,little,1131,18,furniture/equipment,1,62.833333333333336,mature,1,1,1,1
20,female,2,own,rich,moderate,1577,11,furniture/equipment,0,143.36363636363637,young,1,1,1,1
25,female,2,rent,little,unknown,3972,24,furniture/equipment,0,165.5,mature,1,0,1,0
31,male,2,own,little,moderate,1935,24,business,1,80.625,mature,1,1,1,1
33,male,2,rent,little,little,950,15,car,1,63.333333333333336,mature,1,0,1,1
26,female,2,own,little,unknown,763,12,furniture/equipment,0,63.583333333333336,mature,1,1,1,0
34,female,3,own,little,moderate,2064,24,furniture/equipment,1,86.0,mature,1,1,1,1
33,male,2,own,little,moderate,1414,8,radio/TV,0,176.75,mature,1,1,1,1
26,male,2,own,little,little,3414,21,education,1,162.57142857142858,mature,1,1,1,1
53,female,3,own,unknown,unknown,7485,30,car,1,249.5,mature,1,1,0,0
42,male,2,own,little,little,2577,12,furniture/equipment,0,214.75,mature,1,1,1,1
52,male,2,own,quite rich,little,338,6,radio/TV,0,56.333333333333336,mature,1,1,1,1
31,male,3,rent,little,unknown,1963,12,radio/TV,0,163.58333333333334,mature,1,0,1,0
65,male,2,own,little,little,571,21,car,0,27.19047619047619,senior,1,1,1,1
28,male,2,own,little,unknown,9572,36,business,1,265.8888888888889,mature,1,1,1,0
30,male,3,own,little,moderate,4455,36,business,1,123.75,mature,1,1,1,1
40,male,1,own,unknown,little,1647,21,car,1,78.42857142857143,mature,0,1,0,1
50,male,2,own,rich,unknown,3777,24,furniture/equipment,0,157.375,mature,1,1,1,0
36,male,2,own,little,moderate,884,18,car,1,49.111111111111114,mature,1,1,1,1
31,male,2,own,little,unknown,1360,15,radio/TV,0,90.66666666666667,mature,1,1,1,0
74,female,3,free,little,moderate,5129,9,car,1,569.8888888888889,senior,1,0,1,1
68,male,0,free,little,moderate,1175,16,car,0,73.4375,senior,0,0,1,1
20,male,2,own,moderate,little,674,12,radio/TV,1,56.166666666666664,young,1,1,1,1
33,female,2,own,little,moderate,3244,18,furniture/equipment,0,180.22222222222223,mature,1,1,1,1
54,male,3,own,rich,unknown,4591,24,business,1,191.29166666666666,mature,1,1,1,0
34,male,1,free,moderate,moderate,3844,48,business,1,80.08333333333333,mature,0,0,1,1
36,male,2,own,little,moderate,3915,27,business,1,145.0,mature,1,1,1,1
29,male,2,rent,little,unknown,2108,6,radio/TV,0,351.3333333333333,mature,1,0,1,0
21,male,2,rent,moderate,moderate,3031,45,radio/TV,1,67.35555555555555,young,1,0,1,1
34,female,3,own,little,moderate,1501,9,education,1,166.77777777777777,mature,1,1,1,1
28,female,2,own,little,unknown,1382,6,radio/TV,0,230.33333333333334,mature,1,1,1,0
27,female,2,rent,moderate,moderate,951,12,furniture/equipment,1,79.25,mature,1,0,1,1
36,male,2,free,unknown,moderate,2760,24,car,0,115.0,mature,1,0,0,1
40,male,3,own,little,moderate,4297,18,furniture/equipment,1,238.72222222222223,mature,1,1,1,1
52,male,2,own,quite rich,unknown,936,9,education,0,104.0,mature,1,1,1,0
27,male,1,own,little,little,1168,12,car,0,97.33333333333333,mature,0,1,1,1
26,male,2,own,little,unknown,5117,27,business,0,189.5185185185185,mature,1,1,1,0
21,male,2,rent,little,little,902,12,education,1,75.16666666666667,young,1,0,1,1
38,male,1,own,little,unknown,1495,12,car,0,124.58333333333333,mature,0,1,1,0
38,male,3,free,little,little,10623,30,car,0,354.1,mature,1,0,1,1
43,male,2,own,little,unknown,1935,12,furniture/equipment,0,161.25,mature,1,1,1,0
26,male,2,own,little,moderate,1424,12,domestic appliances,0,118.66666666666667,mature,1,1,1,1
21,male,1,own,little,little,6568,24,business,0,273.6666666666667,young,0,1,1,1
55,male,2,own,rich,unknown,1413,12,car,0,117.75,mature,1,1,1,0
33,male,2,own,unknown,unknown,3074,9,radio/TV,0,341.55555555555554,mature,1,1,0,0
45,female,1,own,unknown,unknown,3835,36,radio/TV,0,106.52777777777777,mature,0,1,0,0
50,male,2,own,little,little,5293,27,business,1,196.03703703703704,mature,1,1,1,1
66,male,3,own,little,rich,1908,30,business,1,63.6,senior,1,1,1,1
51,male,2,own,unknown,unknown,3342,36,radio/TV,0,92.83333333333333,mature,1,1,0,0
39,female,1,own,unknown,moderate,932,6,education,0,155.33333333333334,mature,0,1,0,1
31,male,2,own,little,little,3104,18,business,0,172.44444444444446,mature,1,1,1,1
23,male,2,own,little,rich,3913,36,radio/TV,0,108.69444444444444,young,1,1,1,1
24,male,1,rent,little,little,3021,24,furniture/equipment,0,125.875,young,0,0,1,1
64,female,2,own,little,unknown,1364,10,car,0,136.4,senior,1,1,1,0
26,male,1,own,little,moderate,625,12,radio/TV,0,52.083333333333336,mature,0,1,1,1
23,female,2,rent,unknown,little,1200,12,education,0,100.0,young,1,0,0,1
30,male,2,own,little,unknown,707,12,radio/TV,0,58.916666666666664,mature,1,1,1,0
32,male,2,own,unknown,unknown,2978,24,business,0,124.08333333333333,mature,1,1,0,0
30,male,2,own,little,unknown,4657,15,car,0,310.46666666666664,mature,1,1,1,0
27,male,2,own,little,unknown,2613,36,repairs,0,72.58333333333333,mature,1,1,1,0
27,male,2,own,rich,moderate,10961,48,radio/TV,1,228.35416666666666,mature,1,1,1,1
53,male,3,free,little,little,7865,12,furniture/equipment,1,655.4166666666666,mature,1,0,1,1
22,male,2,own,little,unknown,1478,9,radio/TV,1,164.22222222222223,young,1,1,1,0
22,male,2,free,little,little,3149,24,furniture/equipment,0,131.20833333333334,young,1,0,1,1
26,male,2,own,little,rich,4210,36,radio/TV,1,116.94444444444444,mature,1,1,1,1
51,male,1,free,quite rich,unknown,2507,9,car,0,278.55555555555554,mature,0,0,1,0
35,male,2,own,moderate,unknown,2141,12,radio/TV,0,178.41666666666666,mature,1,1,1,0
25,male,1,own,little,moderate,866,18,radio/TV,0,48.111111111111114,mature,0,1,1,1
42,male,1,own,little,unknown,1544,4,radio/TV,0,386.0,mature,0,1,1,0
30,male,3,own,little,little,1823,24,radio/TV,1,75.95833333333333,mature,1,1,1,1
23,male,0,own,unknown,moderate,14555,6,car,1,2425.8333333333335,young,0,1,0,1
61,male,1,rent,moderate,moderate,2767,21,business,1,131.76190476190476,senior,0,0,1,1
35,female,2,own,little,unknown,1291,12,radio/TV,0,107.58333333333333,mature,1,1,1,0
39,male,2,own,little,little,2522,30,radio/TV,0,84.06666666666666,mature,1,1,1,1
29,female,2,own,unknown,little,915,24,car,1,38.125,mature,1,1,0,1
51,male,2,own,little,unknown,1595,6,radio/TV,0,265.8333333333333,mature,1,1,1,0
24,male,2,free,little,little,4605,48,car,1,95.9375,young,1,0,1,1
27,female,2,own,little,unknown,1185,12,business,0,98.75,mature,1,1,1,0
35,female,1,own,quite rich,unknown,3447,12,education,0,287.25,mature,0,1,1,0
25,male,2,own,little,unknown,1258,24,business,0,52.416666666666664,mature,1,1,1,0
52,male,2,own,little,unknown,717,12,radio/TV,0,59.75,mature,1,1,1,0
35,male,2,rent,moderate,unknown,1204,6,car,0,200.66666666666666,mature,1,0,1,0
26,male,2,own,little,rich,1925,24,furniture/equipment,0,80.20833333333333,mature,1,1,1,1
22,female,2,rent,little,unknown,433,18,radio/TV,1,24.055555555555557,young,1,0,1,0
39,female,1,own,rich,little,666,6,car,0,111.0,mature,0,1,1,1
46,female,1,own,little,rich,2251,12,furniture/equipment,0,187.58333333333334,mature,0,1,1,1
24,female,2,own,little,moderate,2150,30,car,1,71.66666666666667,young,1,1,1,1
35,male,2,own,moderate,unknown,4151,24,furniture/equipment,0,172.95833333333334,mature,1,1,1,0
24,male,2,own,unknown,moderate,2030,9,furniture/equipment,0,225.55555555555554,young,1,1,0,1
27,male,1,own,unknown,moderate,7418,60,radio/TV,0,123.63333333333334,mature,0,1,0,1
35,male,1,own,little,unknown,2684,24,radio/TV,0,111.83333333333333,mature,0,1,1,0
29,male,2,free,little,little,2149,12,radio/TV,1,179.08333333333334,mature,1,0,1,1
23,female,2,own,moderate,unknown,3812,15,car,0,254.13333333333333,young,1,1,1,0
57,female,1,own,moderate,unknown,1154,11,radio/TV,0,104.9090909090909,mature,0,1,1,0
27,male,2,own,little,little,1657,12,furniture/equipment,0,138.08333333333334,mature,1,1,1,1
55,female,2,own,little,little,1603,24,radio/TV,0,66.79166666666667,mature,1,1,1,1
36,male,3,free,little,little,5302,18,car,0,294.55555555555554,mature,1,0,1,1
57,female,1,free,little,unknown,2748,12,education,0,229.0,mature,0,0,1,0
32,male,1,own,little,unknown,1231,10,car,0,123.1,mature,0,1,1,0
37,male,2,own,little,moderate,802,15,radio/TV,1,53.46666666666667,mature,1,1,1,1
36,male,2,own,unknown,unknown,6304,36,business,0,175.11111111111111,mature,1,1,0,0
38,female,2,own,little,unknown,1533,24,radio/TV,0,63.875,mature,1,1,1,0
45,male,3,own,little,little,8978,14,car,1,641.2857142857143,mature,1,1,1,1
25,male,2,own,unknown,unknown,999,24,radio/TV,0,41.625,mature,1,1,0,0
32,male,2,own,unknown,unknown,2662,18,car,0,147.88888888888889,mature,1,1,0,0
37,female,2,rent,quite rich,unknown,1402,12,furniture/equipment,0,116.83333333333333,mature,1,0,1,0
36,male,3,free,unknown,moderate,12169,48,car,0,253.52083333333334,mature,1,0,0,1
28,male,2,own,little,moderate,3060,48,radio/TV,1,63.75,mature,1,1,1,1
34,male,1,own,little,little,11998,30,repairs,1,399.93333333333334,mature,0,1,1,1
32,male,2,own,little,unknown,2697,9,radio/TV,0,299.6666666666667,mature,1,1,1,0
26,female,2,own,little,unknown,2404,18,radio/TV,0,133.55555555555554,mature,1,1,1,0
49,male,1,own,unknown,little,1262,12,furniture/equipment,0,105.16666666666667,mature,0,1,0,1
32,female,2,own,little,unknown,4611,6,furniture/equipment,1,768.5,mature,1,1,1,0
29,male,3,rent,moderate,unknown,1901,24,radio/TV,0,79.20833333333333,mature,1,0,1,0
23,male,2,rent,rich,unknown,3368,15,car,0,224.53333333333333,young,1,0,1,0
50,male,2,own,little,unknown,1574,12,furniture/equipment,0,131.16666666666666,mature,1,1,1,0
49,male,1,own,unknown,rich,1445,18,radio/TV,0,80.27777777777777,mature,0,1,0,1
63,male,2,own,unknown,unknown,1520,15,furniture/equipment,0,101.33333333333333,senior,1,1,0,0
37,male,2,own,moderate,moderate,3878,24,car,0,161.58333333333334,mature,1,1,1,1
35,female,1,own,little,little,10722,47,car,0,228.12765957446808,mature,0,1,1,1
26,male,2,own,little,little,4788,48,car,0,99.75,mature,1,1,1,1
31,male,3,free,moderate,moderate,7582,48,vacation/others,0,157.95833333333334,mature,1,0,1,1
49,female,2,own,little,moderate,1092,12,radio/TV,0,91.0,mature,1,1,1,1
48,male,2,own,little,little,1024,24,radio/TV,1,42.666666666666664,mature,1,1,1,1
26,male,2,own,little,unknown,1076,12,business,0,89.66666666666667,mature,1,1,1,0
28,male,3,rent,little,moderate,9398,36,car,1,261.05555555555554,mature,1,0,1,1
44,female,3,free,little,little,6419,24,car,0,267.4583333333333,mature,1,0,1,1
56,male,2,free,little,rich,4796,42,car,0,114.19047619047619,mature,1,0,1,1
46,male,3,own,unknown,unknown,7629,48,business,0,158.9375,mature,1,1,0,0
26,female,2,own,little,moderate,9960,48,furniture/equipment,1,207.5,mature,1,1,1,1
20,female,2,rent,unknown,unknown,4675,12,car,0,389.5833333333333,young,1,0,0,0
45,male,1,own,unknown,unknown,1287,10,car,0,128.7,mature,0,1,0,0
43,male,2,own,little,unknown,2515,18,furniture/equipment,0,139.72222222222223,mature,1,1,1,0
32,male,2,own,rich,moderate,2745,21,furniture/equipment,0,130.71428571428572,mature,1,1,1,1
54,female,0,own,little,unknown,672,6,car,0,112.0,mature,0,1,1,0
42,female,2,own,little,moderate,3804,36,radio/TV,1,105.66666666666667,mature,1,1,1,1
37,male,1,own,unknown,rich,1344,24,car,1,56.0,mature,0,1,0,1
49,male,2,own,little,little,1038,10,car,0,103.8,mature,1,1,1,1
44,male,2,free,quite rich,unknown,10127,48,car,1,210.97916666666666,mature,1,0,1,0
33,male,2,own,rich,unknown,1543,6,furniture/equipment,0,257.1666666666667,mature,1,1,1,0
24,female,1,rent,unknown,unknown,4811,30,car,0,160.36666666666667,young,0,0,0,0
33,male,1,own,moderate,little,727,12,radio/TV,1,60.583333333333336,mature,0,1,1,1
24,female,2,own,little,moderate,1237,8,furniture/equipment,1,154.625,young,1,1,1,1
22,male,1,rent,little,moderate,276,9,car,0,30.666666666666668,young,0,0,1,1
40,male,0,free,unknown,moderate,5381,48,vacation/others,0,112.10416666666667,mature,0,0,0,1
25,male,2,own,moderate,unknown,5511,24,furniture/equipment,0,229.625,mature,1,1,1,0
26,female,2,own,little,rich,3749,24,furniture/equipment,0,156.20833333333334,mature,1,1,1,1
25,male,1,own,little,moderate,685,12,car,1,57.083333333333336,mature,0,1,1,1
29,male,1,own,unknown,rich,1494,4,car,0,373.5,mature,0,1,0,1
31,male,2,own,little,little,2746,36,furniture/equipment,1,76.27777777777777,mature,1,1,1,1
38,male,1,own,little,little,708,12,furniture/equipment,0,59.0,mature,0,1,1,1
48,female,1,own,unknown,moderate,4351,24,furniture/equipment,0,181.29166666666666,mature,0,1,0,1
32,male,2,own,little,unknown,701,12,education,0,58.416666666666664,mature,1,1,1,0
27,female,1,own,little,little,3643,15,furniture/equipment,0,242.86666666666667,mature,0,1,1,1
28,male,3,own,little,moderate,4249,30,car,1,141.63333333333333,mature,1,1,1,1
32,male,2,own,little,little,1938,24,radio/TV,1,80.75,mature,1,1,1,1
34,male,3,free,little,little,2910,24,car,0,121.25,mature,1,0,1,1
28,male,2,own,rich,little,2659,18,furniture/equipment,0,147.72222222222223,mature,1,1,1,1
36,female,2,own,little,unknown,1028,18,car,0,57.111111111111114,mature,1,1,1,0
39,male,1,own,little,little,3398,8,car,0,424.75,mature,0,1,1,1
49,male,2,rent,unknown,unknown,5801,12,furniture/equipment,0,483.4166666666667,mature,1,0,0,0
34,female,2,own,rich,unknown,1525,24,car,0,63.541666666666664,mature,1,1,1,0
31,male,2,own,little,rich,4473,36,radio/TV,0,124.25,mature,1,1,1,1
28,male,2,own,little,moderate,1068,6,radio/TV,0,178.0,mature,1,1,1,1
75,male,3,free,little,little,6615,24,car,0,275.625,senior,1,0,1,1
30,female,2,own,moderate,unknown,1864,18,education,1,103.55555555555556,mature,1,1,1,0
24,female,3,own,moderate,moderate,7408,60,car,1,123.46666666666667,young,1,1,1,1
24,female,1,rent,moderate,unknown,11590,48,car,1,241.45833333333334,young,0,0,1,0
23,male,2,rent,little,little,4110,24,furniture/equipment,1,171.25,young,1,0,1,1
44,male,3,rent,little,little,3384,6,furniture/equipment,1,564.0,mature,1,0,1,1
23,female,1,own,little,moderate,2101,13,radio/TV,0,161.6153846153846,young,0,1,1,1
24,female,2,rent,unknown,little,1275,15,domestic appliances,1,85.0,young,1,0,0,1
28,male,2,own,little,little,4169,24,furniture/equipment,0,173.70833333333334,mature,1,1,1,1
31,male,1,own,little,moderate,1521,10,furniture/equipment,0,152.1,mature,0,1,1,1
24,female,2,free,little,moderate,5743,24,education,0,239.29166666666666,young,1,0,1,1
26,female,1,rent,little,little,3599,21,furniture/equipment,0,171.38095238095238,mature,0,0,1,1
25,male,2,rent,quite rich,moderate,3213,18,radio/TV,0,178.5,mature,1,0,1,1
33,male,3,own,little,moderate,4439,18,business,0,246.61111111111111,mature,1,1,1,1
37,male,1,own,little,rich,3949,10,car,0,394.9,mature,0,1,1,1
43,female,1,own,little,unknown,1459,15,radio/TV,0,97.26666666666667,mature,0,1,1,0
23,male,2,own,little,moderate,882,13,radio/TV,0,67.84615384615384,young,1,1,1,1
23,female,0,rent,quite rich,moderate,3758,24,radio/TV,0,156.58333333333334,young,0,0,1,1
34,male,1,own,moderate,unknown,1743,6,business,0,290.5,mature,0,1,1,0
32,male,2,free,rich,moderate,1136,9,education,1,126.22222222222223,mature,1,0,1,1
23,female,2,rent,little,unknown,1236,9,domestic appliances,0,137.33333333333334,young,1,0,1,0
29,female,2,own,little,moderate,959,9,furniture/equipment,1,106.55555555555556,mature,1,1,1,1
38,male,3,own,unknown,unknown,3229,18,car,0,179.38888888888889,mature,1,1,0,0
28,male,2,rent,little,little,6199,12,radio/TV,1,516.5833333333334,mature,1,0,1,1
46,male,2,free,quite rich,unknown,727,10,education,0,72.7,mature,1,0,1,0
23,male,1,own,little,moderate,1246,24,car,1,51.916666666666664,young,0,1,1,1
49,male,2,own,unknown,unknown,2331,12,radio/TV,0,194.25,mature,1,1,0,0
26,male,3,own,little,unknown,4463,36,radio/TV,1,123.97222222222223,mature,1,1,1,0
28,male,2,own,little,unknown,776,12,radio/TV,0,64.66666666666667,mature,1,1,1,0
23,female,2,rent,little,little,2406,30,furniture/equipment,1,80.2,young,1,0,1,1
61,male,2,free,unknown,moderate,1239,18,education,0,68.83333333333333,senior,1,0,0,1
37,male,3,own,unknown,rich,3399,12,radio/TV,0,283.25,mature,1,1,0,1
36,female,2,own,little,rich,2247,12,car,0,187.25,mature,1,1,1,1
21,male,2,rent,little,unknown,1766,6,furniture/equipment,0,294.3333333333333,young,1,0,1,0
25,male,0,own,little,little,2473,18,furniture/equipment,1,137.38888888888889,mature,0,1,1,1
36,male,2,own,little,unknown,1542,12,business,0,128.5,mature,1,1,1,0
27,male,2,own,little,unknown,3850,18,car,0,213.88888888888889,mature,1,1,1,0
22,female,2,rent,little,little,3650,18,furniture/equipment,0,202.77777777777777,young,1,0,1,1
42,male,2,own,little,little,3446,36,furniture/equipment,1,95.72222222222223,mature,1,1,1,1
40,female,2,rent,little,moderate,3001,18,furniture/equipment,0,166.72222222222223,mature,1,0,1,1
36,male,2,own,unknown,unknown,3079,36,car,0,85.52777777777777,mature,1,1,0,0
33,male,2,own,little,unknown,6070,18,radio/TV,0,337.22222222222223,mature,1,1,1,0
23,female,2,rent,little,unknown,2146,10,furniture/equipment,0,214.6,young,1,0,1,0
63,male,3,free,unknown,unknown,13756,60,car,0,229.26666666666668,senior,1,0,0,0
60,female,3,free,moderate,moderate,14782,60,vacation/others,1,246.36666666666667,mature,1,0,1,1
37,female,2,rent,little,little,7685,48,business,1,160.10416666666666,mature,1,0,1,1
34,male,2,own,little,unknown,2320,18,radio/TV,0,128.88888888888889,mature,1,1,1,0
36,male,2,free,unknown,unknown,846,7,radio/TV,0,120.85714285714286,mature,1,0,0,0
57,male,3,free,little,moderate,14318,36,car,1,397.72222222222223,mature,1,0,1,1
52,female,1,own,moderate,unknown,362,6,car,0,60.333333333333336,mature,0,1,1,0
39,male,2,own,unknown,little,2212,20,furniture/equipment,0,110.6,mature,1,1,0,1
38,female,3,free,little,moderate,12976,18,car,1,720.8888888888889,mature,1,0,1,1
25,female,2,rent,unknown,unknown,1283,22,car,0,58.31818181818182,mature,1,0,0,0
26,male,2,own,little,rich,1330,12,car,0,110.83333333333333,mature,1,1,1,1
26,male,1,own,moderate,unknown,4272,30,business,0,142.4,mature,0,1,1,0
25,female,2,own,little,unknown,2238,18,radio/TV,0,124.33333333333333,mature,1,1,1,0
21,female,2,rent,unknown,unknown,1126,18,radio/TV,0,62.55555555555556,young,1,0,0,0
40,male,3,own,little,moderate,7374,18,furniture/equipment,0,409.6666666666667,mature,1,1,1,1
27,male,2,own,quite rich,moderate,2326,15,business,0,155.06666666666666,mature,1,1,1,1
27,female,2,own,little,unknown,1449,9,business,0,161.0,mature,1,1,1,0
30,male,3,own,little,unknown,1820,18,car,0,101.11111111111111,mature,1,1,1,0
19,female,1,rent,rich,moderate,983,12,furniture/equipment,0,81.91666666666667,young,0,0,1,1
39,male,3,free,little,little,3249,36,car,0,90.25,mature,1,0,1,1
31,female,2,own,little,little,1957,6,radio/TV,0,326.1666666666667,mature,1,1,1,1
31,male,3,own,little,unknown,2406,9,furniture/equipment,0,267.3333333333333,mature,1,1,1,0
32,male,2,rent,moderate,moderate,11760,39,education,0,301.53846153846155,mature,1,0,1,1
55,female,3,free,little,little,2578,12,furniture/equipment,0,214.83333333333334,mature,1,0,1,1
46,male,2,own,little,little,2348,36,furniture/equipment,0,65.22222222222223,mature,1,1,1,1
46,male,2,rent,little,moderate,1223,12,car,1,101.91666666666667,mature,1,0,1,1
43,female,1,own,rich,unknown,1516,24,radio/TV,0,63.166666666666664,mature,0,1,1,0
39,male,2,own,little,unknown,1473,18,radio/TV,0,81.83333333333333,mature,1,1,1,0
28,male,2,own,unknown,moderate,1887,18,business,0,104.83333333333333,mature,1,1,0,1
27,male,2,own,little,unknown,8648,24,business,1,360.3333333333333,mature,1,1,1,0
27,male,1,own,little,unknown,802,14,car,0,57.285714285714285,mature,0,1,1,0
43,male,2,own,unknown,moderate,2899,18,car,0,161.05555555555554,mature,1,1,0,1
22,male,2,own,little,moderate,2039,24,radio/TV,1,84.95833333333333,young,1,1,1,1
43,male,2,own,unknown,unknown,2197,24,car,0,91.54166666666667,mature,1,1,0,0
27,male,2,own,little,little,1053,15,radio/TV,0,70.2,mature,1,1,1,1
26,male,3,own,quite rich,unknown,3235,24,radio/TV,0,134.79166666666666,mature,1,1,1,0
28,male,2,own,quite rich,rich,939,12,car,1,78.25,mature,1,1,1,1
20,female,2,own,little,moderate,1967,24,radio/TV,0,81.95833333333333,young,1,1,1,1
35,male,3,own,little,unknown,7253,33,car,0,219.78787878787878,mature,1,1,1,0
42,male,3,own,little,unknown,2292,12,business,1,191.0,mature,1,1,1,0
40,male,1,rent,quite rich,unknown,1597,10,car,0,159.7,mature,0,0,1,0
35,female,2,own,unknown,little,1381,24,car,1,57.541666666666664,mature,1,1,0,1
35,male,2,own,little,unknown,5842,36,car,0,162.27777777777777,mature,1,1,1,0
33,male,1,own,little,little,2579,12,car,1,214.91666666666666,mature,0,1,1,1
23,female,2,rent,unknown,little,8471,18,education,0,470.6111111111111,young,1,0,0,1
31,female,3,own,quite rich,unknown,2782,21,car,0,132.47619047619048,mature,1,1,1,0
33,female,2,own,unknown,moderate,1042,18,car,1,57.888888888888886,mature,1,1,0,1
20,female,2,rent,rich,unknown,3186,15,car,0,212.4,young,1,0,1,0
30,male,2,own,unknown,moderate,2028,12,car,0,169.0,mature,1,1,0,1
47,male,1,own,little,moderate,958,12,car,0,79.83333333333333,mature,0,1,1,1
34,male,3,own,moderate,unknown,1591,21,furniture/equipment,0,75.76190476190476,mature,1,1,1,0
25,female,2,own,unknown,moderate,2762,12,furniture/equipment,1,230.16666666666666,mature,1,1,0,1
21,male,2,rent,little,moderate,2779,18,car,0,154.38888888888889,young,1,0,1,1
29,male,2,own,little,unknown,2743,28,radio/TV,0,97.96428571428571,mature,1,1,1,0
46,male,2,own,rich,unknown,1149,18,radio/TV,0,63.833333333333336,mature,1,1,1,0
20,male,2,own,little,unknown,1313,9,furniture/equipment,0,145.88888888888889,young,1,1,1,0
55,female,0,free,little,little,1190,18,repairs,1,66.11111111111111,mature,0,0,1,1
74,male,1,own,little,unknown,3448,5,business,0,689.6,senior,0,1,1,0
29,male,3,own,little,moderate,11328,24,vacation/others,1,472.0,mature,1,1,1,1
36,male,3,free,little,little,1872,6,furniture/equipment,0,312.0,mature,1,0,1,1
33,male,2,own,little,unknown,2058,24,repairs,0,85.75,mature,1,1,1,0
25,male,2,own,little,little,2136,9,furniture/equipment,0,237.33333333333334,mature,1,1,1,1
25,male,2,own,unknown,moderate,1484,12,radio/TV,1,123.66666666666667,mature,1,1,0,1
23,male,1,rent,quite rich,unknown,660,6,repairs,0,110.0,young,0,0,1,0
37,female,2,own,rich,unknown,1287,24,car,0,53.625,mature,1,1,1,0
65,male,0,own,little,little,3394,42,repairs,0,80.80952380952381,senior,0,1,1,1
26,female,0,own,little,rich,609,12,business,1,50.75,mature,0,1,1,1
39,male,3,own,little,unknown,1884,12,car,0,157.0,mature,1,1,1,0
30,female,2,own,little,little,1620,12,furniture/equipment,0,135.0,mature,1,1,1,1
29,male,2,own,little,moderate,2629,20,vacation/others,0,131.45,mature,1,1,1,1
41,male,1,own,little,unknown,719,12,education,1,59.916666666666664,mature,0,1,1,0
30,female,3,own,little,moderate,5096,48,furniture/equipment,1,106.16666666666667,mature,1,1,1,1
41,female,1,rent,unknown,unknown,1244,9,education,0,138.22222222222223,mature,0,0,0,0
34,female,2,own,little,little,1842,36,car,1,51.166666666666664,mature,1,1,1,1
35,male,2,own,little,moderate,2576,7,radio/TV,0,368.0,mature,1,1,1,1
55,female,3,own,unknown,rich,1424,12,furniture/equipment,0,118.66666666666667,mature,1,1,0,1
61,male,2,own,rich,moderate,1512,15,repairs,1,100.8,senior,1,1,1,1
30,male,3,own,unknown,unknown,11054,36,car,0,307.05555555555554,mature,1,1,0,0
29,female,2,own,little,unknown,518,6,radio/TV,0,86.33333333333333,mature,1,1,1,0
34,male,2,own,little,unknown,2759,12,furniture/equipment,0,229.91666666666666,mature,1,1,1,0
35,male,3,own,little,unknown,2670,24,car,0,111.25,mature,1,1,1,0
31,male,2,own,little,little,4817,24,car,1,200.70833333333334,mature,1,1,1,1
29,female,3,own,little,unknown,2679,24,car,0,111.625,mature,1,1,1,0
36,male,2,rent,little,little,3905,11,car,0,355.0,mature,1,0,1,1
35,male,2,free,little,little,3386,12,car,1,282.1666666666667,mature,1,0,1,1
27,female,2,own,little,little,343,6,domestic appliances,0,57.166666666666664,mature,1,1,1,1
32,male,2,own,little,unknown,4594,18,radio/TV,0,255.22222222222223,mature,1,1,1,0
37,male,2,own,little,little,3620,36,furniture/equipment,0,100.55555555555556,mature,1,1,1,1
36,male,2,own,little,little,1721,15,car,0,114.73333333333333,mature,1,1,1,1
34,female,3,rent,little,moderate,3017,12,furniture/equipment,0,251.41666666666666,mature,1,0,1,1
38,male,2,own,unknown,moderate,754,12,education,0,62.833333333333336,mature,1,1,0,1
34,male,2,own,little,unknown,1950,18,business,0,108.33333333333333,mature,1,1,1,0
63,male,2,own,little,little,2924,24,car,0,121.83333333333333,senior,1,1,1,1
29,female,1,rent,little,little,1659,24,radio/TV,1,69.125,mature,0,0,1,1
32,male,2,own,unknown,unknown,7238,48,radio/TV,0,150.79166666666666,mature,1,1,0,0
26,female,2,own,little,unknown,2764,33,business,0,83.75757575757575,mature,1,1,1,0
35,male,1,own,little,unknown,4679,24,car,0,194.95833333333334,mature,0,1,1,0
22,male,2,rent,moderate,moderate,3092,24,radio/TV,1,128.83333333333334,young,1,0,1,1
23,female,2,own,little,little,448,6,education,1,74.66666666666667,young,1,1,1,1
28,male,1,own,little,little,654,9,car,1,72.66666666666667,mature,0,1,1,1
36,male,3,own,unknown,unknown,1238,6,education,0,206.33333333333334,mature,1,1,0,0
33,male,2,own,little,moderate,1245,18,radio/TV,1,69.16666666666667,mature,1,1,1,1
26,female,2,rent,little,little,3114,18,furniture/equipment,1,173.0,mature,1,0,1,1
24,male,2,own,quite rich,unknown,2569,39,car,0,65.87179487179488,young,1,1,1,0
25,male,2,own,little,rich,5152,24,radio/TV,0,214.66666666666666,mature,1,1,1,1
39,male,1,own,moderate,moderate,1037,12,business,0,86.41666666666667,mature,0,1,1,1
44,male,2,own,little,little,1478,15,furniture/equipment,0,98.53333333333333,mature,1,1,1,1
23,female,1,own,little,moderate,3573,12,radio/TV,0,297.75,young,0,1,1,1
26,male,2,own,little,moderate,1201,24,car,0,50.041666666666664,mature,1,1,1,1
57,female,2,rent,rich,little,3622,30,furniture/equipment,0,120.73333333333333,mature,1,0,1,1
30,female,2,own,rich,unknown,960,15,furniture/equipment,0,64.0,mature,1,1,1,0
44,male,2,own,quite rich,unknown,1163,12,car,0,96.91666666666667,mature,1,1,1,0
47,male,3,own,little,moderate,1209,6,car,1,201.5,mature,1,1,1,1
52,male,2,own,little,unknown,3077,12,radio/TV,0,256.4166666666667,mature,1,1,1,0
62,female,2,free,little,unknown,3757,24,car,0,156.54166666666666,senior,1,0,1,0
35,male,1,rent,moderate,unknown,1418,10,car,0,141.8,mature,0,0,1,0
26,male,2,rent,little,unknown,3518,6,car,0,586.3333333333334,mature,1,0,1,0
26,male,2,own,little,unknown,1934,12,radio/TV,0,161.16666666666666,mature,1,1,1,0
42,female,3,free,little,moderate,8318,27,business,1,308.0740740740741,mature,1,0,1,1
27,female,2,own,moderate,unknown,1237,6,radio/TV,0,206.16666666666666,mature,1,1,1,0
38,male,2,own,unknown,moderate,368,6,radio/TV,0,61.333333333333336,mature,1,1,0,1
39,male,1,rent,little,little,2122,12,car,0,176.83333333333334,mature,0,0,1,1
20,male,2,own,unknown,little,2996,24,furniture/equipment,1,124.83333333333333,young,1,1,0,1
29,male,3,rent,moderate,moderate,9034,36,furniture/equipment,1,250.94444444444446,mature,1,0,1,1
40,male,2,own,little,unknown,1585,24,furniture/equipment,0,66.04166666666667,mature,1,1,1,0
32,male,1,own,little,moderate,1301,18,radio/TV,0,72.27777777777777,mature,0,1,1,1
28,male,2,own,moderate,rich,1323,6,car,0,220.5,mature,1,1,1,1
27,female,2,own,little,little,3123,24,car,1,130.125,mature,1,1,1,1
42,male,2,free,little,little,5493,36,car,0,152.58333333333334,mature,1,0,1,1
49,male,2,own,moderate,rich,1126,9,radio/TV,0,125.11111111111111,mature,1,1,1,1
38,male,2,own,moderate,moderate,1216,24,radio/TV,1,50.666666666666664,mature,1,1,1,1
24,female,2,rent,little,little,1207,24,car,1,50.291666666666664,young,1,0,1,1
27,male,1,own,unknown,unknown,1309,10,car,1,130.9,mature,0,1,0,0
36,male,2,own,quite rich,rich,2360,15,car,0,157.33333333333334,mature,1,1,1,1
34,male,3,own,moderate,moderate,6850,15,car,1,456.6666666666667,mature,1,1,1,1
28,male,2,own,little,unknown,1413,24,radio/TV,0,58.875,mature,1,1,1,0
45,male,3,own,moderate,unknown,8588,39,car,0,220.2051282051282,mature,1,1,1,0
26,male,2,own,little,little,759,12,car,1,63.25,mature,1,1,1,1
32,male,3,free,little,unknown,4686,36,car,0,130.16666666666666,mature,1,0,1,0
26,male,2,rent,little,rich,2687,15,business,0,179.13333333333333,mature,1,0,1,1
20,male,2,rent,little,moderate,585,12,radio/TV,0,48.75,young,1,0,1,1
54,male,2,own,unknown,unknown,2255,24,car,0,93.95833333333333,mature,1,1,0,0
37,female,2,own,little,little,609,6,car,0,101.5,mature,1,1,1,1
40,male,1,own,little,little,1361,6,car,0,226.83333333333334,mature,0,1,1,1
23,female,2,rent,little,unknown,7127,36,furniture/equipment,1,197.97222222222223,young,1,0,1,0
43,male,2,own,moderate,little,1203,6,car,0,200.5,mature,1,1,1,1
36,male,2,free,unknown,unknown,700,6,radio/TV,0,116.66666666666667,mature,1,0,0,0
44,male,2,free,little,unknown,5507,24,repairs,0,229.45833333333334,mature,1,0,1,0
24,female,2,own,little,little,3190,18,radio/TV,1,177.22222222222223,young,1,1,1,1
53,male,2,free,little,little,7119,48,furniture/equipment,1,148.3125,mature,1,0,1,1
23,female,2,own,moderate,unknown,3488,24,car,0,145.33333333333334,young,1,1,1,0
26,female,1,own,little,moderate,1113,18,radio/TV,0,61.833333333333336,mature,0,1,1,1
30,male,2,own,little,moderate,7966,26,car,0,306.38461538461536,mature,1,1,1,1
31,female,2,own,moderate,unknown,1532,15,education,0,102.13333333333334,mature,1,1,1,0
42,male,1,own,little,unknown,1503,4,radio/TV,0,375.75,mature,0,1,1,0
31,male,2,rent,little,little,2302,36,radio/TV,1,63.94444444444444,mature,1,0,1,1
41,male,1,own,little,little,662,6,car,0,110.33333333333333,mature,0,1,1,1
32,male,2,own,little,moderate,2273,36,education,0,63.138888888888886,mature,1,1,1,1
28,female,2,rent,moderate,moderate,2631,15,car,1,175.4,mature,1,0,1,1
41,male,2,rent,little,unknown,1503,12,car,0,125.25,mature,1,0,1,0
26,male,2,own,moderate,unknown,1311,24,radio/TV,0,54.625,mature,1,1,1,0
25,male,2,own,unknown,unknown,3105,24,radio/TV,0,129.375,mature,1,1,0,0
33,male,2,rent,little,rich,2319,21,education,1,110.42857142857143,mature,1,0,1,1
75,female,3,own,unknown,little,1374,6,car,0,229.0,senior,1,1,0,1
37,female,2,own,little,moderate,3612,18,furniture/equipment,0,200.66666666666666,mature,1,1,1,1
42,male,3,free,little,little,7763,48,car,1,161.72916666666666,mature,1,0,1,1
45,female,1,own,little,rich,3049,18,furniture/equipment,0,169.38888888888889,mature,0,1,1,1
23,male,2,rent,little,moderate,1534,12,radio/TV,1,127.83333333333333,young,1,0,1,1
60,male,2,free,little,unknown,2032,24,car,0,84.66666666666667,mature,1,0,1,0
31,male,2,own,unknown,little,6350,30,furniture/equipment,1,211.66666666666666,mature,1,1,0,1
34,male,1,own,little,rich,2864,18,furniture/equipment,1,159.11111111111111,mature,0,1,1,1
61,male,1,own,little,unknown,1255,12,car,0,104.58333333333333,senior,0,1,1,0
43,male,2,free,little,little,1333,24,car,1,55.541666666666664,mature,1,0,1,1
37,female,2,own,little,unknown,2022,24,car,0,84.25,mature,1,1,1,0
32,male,2,own,little,unknown,1552,24,radio/TV,0,64.66666666666667,mature,1,1,1,0
24,female,1,own,little,little,626,12,radio/TV,1,52.166666666666664,young,0,1,1,1
35,male,2,free,unknown,unknown,8858,48,car,0,184.54166666666666,mature,1,0,0,0
23,female,2,own,unknown,unknown,996,12,repairs,0,83.0,young,1,1,0,0
45,male,1,own,quite rich,unknown,1750,6,radio/TV,0,291.6666666666667,mature,0,1,1,0
34,male,2,own,little,little,6999,48,radio/TV,1,145.8125,mature,1,1,1,1
27,male,2,own,moderate,moderate,1995,12,car,0,166.25,mature,1,1,1,1
67,female,3,own,little,moderate,1199,9,education,0,133.22222222222223,senior,1,1,1,1
22,male,2,own,little,moderate,1331,12,radio/TV,1,110.91666666666667,young,1,1,1,1
28,female,2,own,moderate,moderate,2278,18,car,1,126.55555555555556,mature,1,1,1,1
29,female,2,own,unknown,unknown,5003,21,car,1,238.23809523809524,mature,1,1,0,0
27,male,2,own,little,little,3552,24,furniture/equipment,1,148.0,mature,1,1,1,1
31,male,1,own,little,moderate,1928,18,furniture/equipment,1,107.11111111111111,mature,0,1,1,1
49,male,2,free,unknown,little,2964,24,car,0,123.5,mature,1,0,0,1
24,male,1,rent,little,little,1546,24,radio/TV,1,64.41666666666667,young,0,0,1,1
29,female,2,own,little,rich,683,6,radio/TV,0,113.83333333333333,mature,1,1,1,1
37,male,2,free,unknown,moderate,12389,36,car,1,344.1388888888889,mature,1,0,0,1
37,male,3,own,unknown,moderate,4712,24,business,0,196.33333333333334,mature,1,1,0,1
23,female,2,rent,moderate,moderate,1553,24,radio/TV,0,64.70833333333333,young,1,0,1,1
36,male,2,own,little,little,1372,12,car,1,114.33333333333333,mature,1,1,1,1
34,male,2,own,rich,unknown,2578,24,radio/TV,0,107.41666666666667,mature,1,1,1,0
41,male,2,own,unknown,moderate,3979,48,radio/TV,0,82.89583333333333,mature,1,1,0,1
31,female,2,own,little,little,6758,48,radio/TV,1,140.79166666666666,mature,1,1,1,1
23,female,1,rent,little,little,3234,24,furniture/equipment,1,134.75,young,0,0,1,1
38,male,2,own,little,unknown,5954,30,radio/TV,0,198.46666666666667,mature,1,1,1,0
26,female,3,rent,unknown,unknown,5433,24,car,0,226.375,mature,1,0,0,0
22,female,1,own,little,little,806,15,business,0,53.733333333333334,young,0,1,1,1
27,male,1,own,little,moderate,1082,9,radio/TV,0,120.22222222222223,mature,0,1,1,1
24,female,2,own,little,unknown,2788,15,furniture/equipment,0,185.86666666666667,young,1,1,1,0
27,female,2,own,little,moderate,2930,12,radio/TV,0,244.16666666666666,mature,1,1,1,1
33,female,2,own,unknown,unknown,1927,24,education,0,80.29166666666667,mature,1,1,0,0
27,male,2,own,little,moderate,2820,36,car,1,78.33333333333333,mature,1,1,1,1
27,male,1,own,little,unknown,937,24,education,0,39.041666666666664,mature,0,1,1,0
30,male,2,own,little,moderate,1056,18,car,1,58.666666666666664,mature,1,1,1,1
49,male,1,own,little,moderate,3124,12,car,0,260.3333333333333,mature,0,1,1,1
26,female,2,rent,little,unknown,1388,9,furniture/equipment,0,154.22222222222223,mature,1,0,1,0
33,male,1,rent,little,moderate,2384,36,repairs,1,66.22222222222223,mature,0,0,1,1
52,female,3,free,unknown,unknown,2133,12,car,0,177.75,mature,1,0,0,0
20,female,2,rent,little,little,2039,18,furniture/equipment,1,113.27777777777777,young,1,0,1,1
36,male,2,rent,little,little,2799,9,car,0,311.0,mature,1,0,1,1
21,male,1,own,little,little,1289,12,furniture/equipment,0,107.41666666666667,young,0,1,1,1
47,male,1,own,little,little,1217,18,domestic appliances,1,67.61111111111111,mature,0,1,1,1
60,male,2,own,little,little,2246,12,furniture/equipment,1,187.16666666666666,mature,1,1,1,1
58,female,1,own,little,little,385,12,radio/TV,0,32.083333333333336,mature,0,1,1,1
42,female,2,rent,unknown,moderate,1965,24,car,0,81.875,mature,1,0,0,1
36,female,1,own,rich,unknown,1572,21,business,0,74.85714285714286,mature,0,1,1,0
20,female,1,rent,little,moderate,2718,24,car,1,113.25,young,0,0,1,1
40,male,3,own,unknown,little,1358,24,vacation/others,1,56.583333333333336,mature,1,1,0,1
32,female,1,own,moderate,moderate,931,6,car,1,155.16666666666666,mature,0,1,1,1
23,female,2,rent,little,little,1442,24,car,1,60.083333333333336,young,1,0,1,1
36,male,1,own,little,moderate,4241,24,business,1,176.70833333333334,mature,0,1,1,1
31,male,2,own,little,unknown,2775,18,car,1,154.16666666666666,mature,1,1,1,0
32,male,2,free,little,unknown,3863,24,business,0,160.95833333333334,mature,1,0,1,0
45,female,2,own,little,moderate,2329,7,radio/TV,0,332.7142857142857,mature,1,1,1,1
30,female,2,own,little,moderate,918,9,furniture/equipment,1,102.0,mature,1,1,1,1
34,female,1,free,little,moderate,1837,24,education,1,76.54166666666667,mature,0,0,1,1
28,female,3,own,little,unknown,3349,36,furniture/equipment,1,93.02777777777777,mature,1,1,1,0
23,female,2,own,little,rich,1275,10,furniture/equipment,0,127.5,young,1,1,1,1
22,male,2,own,quite rich,little,2828,24,furniture/equipment,0,117.83333333333333,young,1,1,1,1
74,male,3,own,little,unknown,4526,24,business,0,188.58333333333334,senior,1,1,1,0
50,female,2,free,moderate,moderate,2671,36,radio/TV,1,74.19444444444444,mature,1,0,1,1
33,male,2,own,little,unknown,2051,18,radio/TV,0,113.94444444444444,mature,1,1,1,0
45,male,2,free,unknown,unknown,1300,15,car,0,86.66666666666667,mature,1,0,0,0
22,female,2,own,moderate,little,741,12,domestic appliances,1,61.75,young,1,1,1,1
48,female,1,free,moderate,rich,1240,10,car,1,124.0,mature,0,0,1,1
29,female,2,own,rich,little,3357,21,radio/TV,0,159.85714285714286,mature,1,1,1,1
22,female,2,rent,little,little,3632,24,car,0,151.33333333333334,young,1,0,1,1
22,female,2,own,little,unknown,1808,18,furniture/equipment,1,100.44444444444444,young,1,1,1,0
48,male,3,own,unknown,moderate,12204,48,business,0,254.25,mature,1,1,0,1
27,male,3,free,unknown,moderate,9157,60,radio/TV,0,152.61666666666667,mature,1,0,0,1
37,male,2,rent,little,little,3676,6,car,0,612.6666666666666,mature,1,0,1,1
21,female,2,rent,moderate,moderate,3441,30,furniture/equipment,1,114.7,young,1,0,1,1
49,male,1,own,little,unknown,640,12,car,0,53.333333333333336,mature,0,1,1,0
27,male,2,own,little,moderate,3652,21,business,0,173.9047619047619,mature,1,1,1,1
32,male,2,own,little,unknown,1530,18,car,1,85.0,mature,1,1,1,0
38,male,2,own,unknown,unknown,3914,48,business,1,81.54166666666667,mature,1,1,0,0
22,female,2,rent,little,little,1858,12,furniture/equipment,0,154.83333333333334,young,1,0,1,1
65,male,2,free,little,little,2600,18,radio/TV,1,144.44444444444446,senior,1,0,1,1
35,male,2,own,unknown,unknown,1979,15,radio/TV,0,131.93333333333334,mature,1,1,0,0
41,male,2,own,little,rich,2116,6,furniture/equipment,0,352.6666666666667,mature,1,1,1,1
29,male,2,own,moderate,moderate,1437,9,car,1,159.66666666666666,mature,1,1,1,1
36,male,2,own,quite rich,unknown,4042,42,furniture/equipment,0,96.23809523809524,mature,1,1,1,0
64,male,1,own,unknown,unknown,3832,9,education,0,425.77777777777777,senior,0,1,0,0
28,female,2,own,little,little,3660,24,radio/TV,0,152.5,mature,1,1,1,1
44,male,2,own,little,little,1553,18,furniture/equipment,1,86.27777777777777,mature,1,1,1,1
23,male,2,own,unknown,moderate,1444,15,radio/TV,0,96.26666666666667,young,1,1,0,1
19,female,2,rent,little,unknown,1980,9,furniture/equipment,1,220.0,young,1,0,1,0
25,female,1,own,little,moderate,1355,24,car,1,56.458333333333336,mature,0,1,1,1
47,male,2,own,little,unknown,1393,12,education,0,116.08333333333333,mature,1,1,1,0
28,female,2,own,quite rich,unknown,1376,24,radio/TV,0,57.333333333333336,mature,1,1,1,0
21,male,2,own,little,unknown,15653,60,radio/TV,0,260.8833333333333,young,1,1,1,0
34,female,2,own,little,unknown,1493,12,radio/TV,0,124.41666666666667,mature,1,1,1,0
26,male,2,own,little,little,4370,42,radio/TV,1,104.04761904761905,mature,1,1,1,1
27,female,0,own,little,little,750,18,education,1,41.666666666666664,mature,0,1,1,1
38,male,1,own,little,moderate,1308,15,repairs,0,87.2,mature,0,1,1,1
40,male,3,own,moderate,unknown,4623,15,education,1,308.2,mature,1,1,1,0
33,male,2,own,little,unknown,1851,24,radio/TV,0,77.125,mature,1,1,1,0
32,male,3,own,little,little,1880,18,radio/TV,0,104.44444444444444,mature,1,1,1,1
27,male,2,rent,unknown,unknown,7980,36,business,1,221.66666666666666,mature,1,0,0,0
32,male,2,own,little,little,4583,30,furniture/equipment,0,152.76666666666668,mature,1,1,1,1
26,female,2,own,quite rich,unknown,1386,12,car,1,115.5,mature,1,1,1,0
38,male,2,free,little,rich,947,24,car,1,39.458333333333336,mature,1,0,1,1
40,male,1,rent,little,little,684,12,education,1,57.0,mature,0,0,1,1
50,male,3,free,little,little,7476,48,education,0,155.75,mature,1,0,1,1
37,male,1,own,little,moderate,1922,12,furniture/equipment,1,160.16666666666666,mature,0,1,1,1
45,male,2,own,little,little,2303,24,car,1,95.95833333333333,mature,1,1,1,1
42,male,3,own,moderate,moderate,8086,36,car,1,224.61111111111111,mature,1,1,1,1
35,male,2,own,little,unknown,2346,24,car,0,97.75,mature,1,1,1,0
22,male,2,free,little,little,3973,14,car,0,283.7857142857143,young,1,0,1,1
41,male,1,own,little,moderate,888,12,car,1,74.0,mature,0,1,1,1
37,male,2,own,unknown,unknown,10222,48,radio/TV,0,212.95833333333334,mature,1,1,0,0
28,female,2,own,little,moderate,4221,30,business,0,140.7,mature,1,1,1,1
41,male,2,own,little,moderate,6361,18,furniture/equipment,0,353.3888888888889,mature,1,1,1,1
23,male,2,rent,little,rich,1297,12,radio/TV,0,108.08333333333333,young,1,0,1,1
23,male,2,own,unknown,little,900,12,car,1,75.0,young,1,1,0,1
50,male,2,own,little,unknown,2241,21,furniture/equipment,0,106.71428571428571,mature,1,1,1,0
35,male,3,own,little,moderate,1050,6,furniture/equipment,0,175.0,mature,1,1,1,1
50,female,1,own,little,rich,1047,6,education,0,174.5,mature,0,1,1,1
27,male,3,own,little,unknown,6314,24,vacation/others,0,263.0833333333333,mature,1,1,1,0
34,male,2,own,rich,moderate,3496,30,furniture/equipment,0,116.53333333333333,mature,1,1,1,1
27,female,2,own,little,unknown,3609,48,business,0,75.1875,mature,1,1,1,0
43,male,2,rent,little,little,4843,12,car,1,403.5833333333333,mature,1,0,1,1
47,male,2,own,little,rich,3017,30,radio/TV,0,100.56666666666666,mature,1,1,1,1
27,male,1,own,moderate,unknown,4139,24,business,0,172.45833333333334,mature,0,1,1,0
31,male,2,own,moderate,unknown,5742,36,business,0,159.5,mature,1,1,1,0
42,male,3,own,little,unknown,10366,60,car,0,172.76666666666668,mature,1,1,1,0
24,male,2,own,quite rich,unknown,2080,6,car,0,346.6666666666667,young,1,1,1,0
41,male,1,own,quite rich,unknown,2580,21,business,1,122.85714285714286,mature,0,1,1,0
26,female,3,rent,little,unknown,4530,30,radio/TV,0,151.0,mature,1,0,1,0
33,male,2,own,little,unknown,5150,24,furniture/equipment,0,214.58333333333334,mature,1,1,1,0
24,male,2,own,moderate,moderate,5595,72,radio/TV,1,77.70833333333333,young,1,1,1,1
64,male,1,rent,little,little,2384,24,radio/TV,0,99.33333333333333,senior,0,0,1,1
26,female,2,own,little,unknown,1453,18,radio/TV,0,80.72222222222223,mature,1,1,1,0
56,female,2,own,little,unknown,1538,6,education,0,256.3333333333333,mature,1,1,1,0
37,male,2,free,unknown,unknown,2279,12,radio/TV,0,189.91666666666666,mature,1,0,0,0
33,male,2,own,little,unknown,1478,15,radio/TV,0,98.53333333333333,mature,1,1,1,0
47,male,2,free,little,unknown,5103,24,radio/TV,0,212.625,mature,1,0,1,0
31,male,1,own,moderate,moderate,9857,36,business,0,273.80555555555554,mature,0,1,1,1
34,male,2,free,unknown,unknown,6527,60,car,0,108.78333333333333,mature,1,0,0,0
27,male,2,own,unknown,rich,1347,10,radio/TV,0,134.7,mature,1,1,0,1
30,male,2,free,moderate,moderate,2862,36,car,0,79.5,mature,1,0,1,1
35,male,2,own,moderate,unknown,2753,9,radio/TV,0,305.8888888888889,mature,1,1,1,0
31,male,2,own,rich,little,3651,12,car,0,304.25,mature,1,1,1,1
25,male,2,own,little,little,975,15,furniture/equipment,0,65.0,mature,1,1,1,1
25,female,1,own,moderate,moderate,2631,15,repairs,0,175.4,mature,0,1,1,1
29,male,2,own,moderate,moderate,2896,24,radio/TV,0,120.66666666666667,mature,1,1,1,1
44,male,1,own,unknown,little,4716,6,car,0,786.0,mature,0,1,0,1
28,male,2,own,little,unknown,2284,24,radio/TV,0,95.16666666666667,mature,1,1,1,0
50,male,2,rent,quite rich,unknown,1236,6,car,0,206.0,mature,1,0,1,0
29,male,2,own,little,moderate,1103,12,radio/TV,0,91.91666666666667,mature,1,1,1,1
38,female,0,own,little,unknown,926,12,car,0,77.16666666666667,mature,0,1,1,0
24,male,2,own,little,unknown,1800,18,radio/TV,0,100.0,young,1,1,1,0
40,male,3,rent,little,rich,1905,15,education,0,127.0,mature,1,0,1,1
29,female,1,rent,quite rich,unknown,1123,12,furniture/equipment,1,93.58333333333333,mature,0,0,1,0
46,male,2,free,little,little,6331,48,car,1,131.89583333333334,mature,1,0,1,1
47,female,2,free,moderate,rich,1377,24,radio/TV,0,57.375,mature,1,0,1,1
41,male,2,own,moderate,moderate,2503,30,business,0,83.43333333333334,mature,1,1,1,1
32,female,2,own,little,moderate,2528,27,business,0,93.62962962962963,mature,1,1,1,1
35,female,2,free,quite rich,unknown,5324,15,car,0,354.93333333333334,mature,1,0,1,0
24,male,2,own,moderate,moderate,6560,48,car,1,136.66666666666666,young,1,1,1,1
25,female,2,rent,little,moderate,2969,12,furniture/equipment,1,247.41666666666666,mature,1,0,1,1
25,female,2,own,little,moderate,1206,9,radio/TV,0,134.0,mature,1,1,1,1
37,male,1,own,little,moderate,2118,9,radio/TV,0,235.33333333333334,mature,0,1,1,1
32,male,3,own,quite rich,unknown,629,18,radio/TV,0,34.94444444444444,mature,1,1,1,0
35,female,2,free,little,little,1198,6,education,1,199.66666666666666,mature,1,0,1,1
46,male,3,own,unknown,unknown,2476,21,car,0,117.9047619047619,mature,1,1,0,0
25,male,1,own,little,little,1138,9,radio/TV,0,126.44444444444444,mature,0,1,1,1
27,male,3,own,little,moderate,14027,60,car,1,233.78333333333333,mature,1,1,1,1
63,male,2,own,unknown,unknown,7596,30,car,0,253.2,senior,1,1,0,0
40,male,2,own,unknown,unknown,3077,30,radio/TV,0,102.56666666666666,mature,1,1,0,0
32,male,3,free,little,unknown,1505,18,radio/TV,0,83.61111111111111,mature,1,0,1,0
31,male,2,own,unknown,rich,3148,24,radio/TV,0,131.16666666666666,mature,1,1,0,1
31,male,2,own,moderate,moderate,6148,20,car,0,307.4,mature,1,1,1,1
34,male,3,own,little,rich,1337,9,radio/TV,1,148.55555555555554,mature,1,1,1,1
24,female,2,rent,rich,moderate,433,6,education,1,72.16666666666667,young,1,0,1,1
24,female,1,own,little,little,1228,12,car,1,102.33333333333333,young,0,1,1,1
66,female,1,own,quite rich,moderate,790,9,radio/TV,0,87.77777777777777,senior,0,1,1,1
21,female,2,rent,little,unknown,2570,27,car,1,95.18518518518519,young,1,0,1,0
41,female,1,own,rich,unknown,250,6,car,0,41.666666666666664,mature,0,1,1,0
47,male,1,own,quite rich,unknown,1316,15,radio/TV,0,87.73333333333333,mature,0,1,1,0
25,female,2,rent,little,little,1882,18,radio/TV,1,104.55555555555556,mature,1,0,1,1
59,female,2,rent,little,moderate,6416,48,business,1,133.66666666666666,mature,1,0,1,1
36,male,2,own,rich,rich,1275,24,business,0,53.125,mature,1,1,1,1
33,male,2,own,little,moderate,6403,24,radio/TV,0,266.7916666666667,mature,1,1,1,1
21,male,1,rent,little,little,1987,24,radio/TV,1,82.79166666666667,young,0,0,1,1
44,female,1,own,little,moderate,760,8,radio/TV,0,95.0,mature,0,1,1,1
28,female,2,rent,rich,unknown,2603,24,car,0,108.45833333333333,mature,1,0,1,0
37,female,2,own,little,unknown,3380,4,car,0,845.0,mature,1,1,1,0
29,female,0,own,unknown,moderate,3990,36,domestic appliances,0,110.83333333333333,mature,0,1,0,1
23,female,3,rent,little,moderate,11560,24,car,1,481.6666666666667,young,1,0,1,1
35,male,1,own,moderate,little,4380,18,car,0,243.33333333333334,mature,0,1,1,1
45,male,3,own,little,unknown,6761,6,car,0,1126.8333333333333,mature,1,1,1,0
26,female,1,rent,moderate,moderate,4280,30,business,1,142.66666666666666,mature,0,0,1,1
32,male,2,own,moderate,little,2325,24,car,0,96.875,mature,1,1,1,1
23,male,1,own,little,moderate,1048,10,radio/TV,0,104.8,young,0,1,1,1
41,male,2,own,unknown,unknown,3160,21,radio/TV,0,150.47619047619048,mature,1,1,0,0
22,male,2,own,quite rich,little,2483,24,furniture/equipment,0,103.45833333333333,young,1,1,1,1
30,male,3,own,unknown,little,14179,39,furniture/equipment,0,363.56410256410254,mature,1,1,0,1
28,male,1,own,little,little,1797,13,business,0,138.23076923076923,mature,0,1,1,1
23,female,2,rent,little,little,2511,15,car,0,167.4,young,1,0,1,1
37,female,1,own,little,little,1274,12,car,1,106.16666666666667,mature,0,1,1,1
26,male,2,own,unknown,unknown,5248,21,car,0,249.9047619047619,mature,1,1,0,0
33,male,2,own,little,unknown,3029,15,car,0,201.93333333333334,mature,1,1,1,0
49,female,2,own,little,little,428,6,furniture/equipment,0,71.33333333333333,mature,1,1,1,1
23,female,1,own,little,little,976,18,car,1,54.22222222222222,young,0,1,1,1
23,female,1,rent,moderate,moderate,841,12,business,0,70.08333333333333,young,0,0,1,1
25,female,2,own,little,unknown,5771,30,radio/TV,0,192.36666666666667,mature,1,1,1,0
55,male,2,free,rich,unknown,1555,12,repairs,1,129.58333333333334,mature,1,0,1,0
32,female,2,rent,unknown,little,1285,24,car,1,53.541666666666664,mature,1,0,0,1
74,male,0,own,little,rich,1299,6,car,0,216.5,senior,0,1,1,1
39,male,2,free,unknown,rich,1271,15,radio/TV,1,84.73333333333333,mature,1,0,0,1
31,male,2,own,little,unknown,1393,24,car,0,58.041666666666664,mature,1,1,1,0
35,male,2,own,little,little,691,12,car,1,57.583333333333336,mature,1,1,1,1
59,female,2,own,unknown,unknown,5045,15,car,0,336.3333333333333,mature,1,1,0,0
24,female,2,rent,little,little,2124,18,furniture/equipment,1,118.0,young,1,0,1,1
24,male,1,own,little,little,2214,12,radio/TV,0,184.5,young,0,1,1,1
30,male,3,free,unknown,unknown,12680,21,car,1,603.8095238095239,mature,1,0,0,0
27,male,2,own,moderate,unknown,2463,24,car,0,102.625,mature,1,1,1,0
40,male,1,own,little,moderate,1155,12,radio/TV,0,96.25,mature,0,1,1,1
31,male,1,own,little,little,3108,30,furniture/equipment,1,103.6,mature,0,1,1,1
31,female,2,rent,unknown,unknown,2901,10,car,0,290.1,mature,1,0,0,0
28,male,2,rent,little,moderate,3617,12,furniture/equipment,0,301.4166666666667,mature,1,0,1,1
63,male,1,own,little,unknown,1655,12,radio/TV,0,137.91666666666666,senior,0,1,1,0
26,female,2,rent,unknown,little,2812,24,car,0,117.16666666666667,mature,1,0,0,1
25,female,3,own,little,little,8065,36,education,1,224.02777777777777,mature,1,1,1,1
36,male,3,own,little,unknown,3275,21,car,0,155.95238095238096,mature,1,1,1,0
52,male,2,own,moderate,unknown,2223,24,radio/TV,0,92.625,mature,1,1,1,0
66,male,0,free,quite rich,rich,1480,12,car,0,123.33333333333333,senior,0,0,1,1
25,female,2,rent,unknown,little,1371,24,car,1,57.125,mature,1,0,0,1
37,male,2,own,little,unknown,3535,36,car,0,98.19444444444444,mature,1,1,1,0
25,female,2,own,little,little,3509,18,radio/TV,0,194.94444444444446,mature,1,1,1,1
38,male,3,own,rich,unknown,5711,36,car,0,158.63888888888889,mature,1,1,1,0
67,female,2,own,little,moderate,3872,18,repairs,0,215.11111111111111,senior,1,1,1,1
25,male,2,own,little,moderate,4933,39,radio/TV,1,126.48717948717949,mature,1,1,1,1
60,male,2,own,rich,unknown,1940,24,car,0,80.83333333333333,mature,1,1,1,0
31,male,1,own,little,moderate,1410,12,education,0,117.5,mature,0,1,1,1
23,female,1,own,moderate,moderate,836,12,car,1,69.66666666666667,young,0,1,1,1
60,male,3,own,unknown,moderate,6468,20,car,0,323.4,mature,1,1,0,1
35,male,1,own,rich,moderate,1941,18,business,0,107.83333333333333,mature,0,1,1,1
40,male,2,own,quite rich,unknown,2675,22,radio/TV,0,121.5909090909091,mature,1,1,1,0
38,male,2,own,unknown,unknown,2751,48,car,0,57.3125,mature,1,1,0,0
50,male,2,free,little,moderate,6224,48,education,1,129.66666666666666,mature,1,0,1,1
27,male,2,own,little,little,5998,40,education,1,149.95,mature,1,1,1,1
39,female,2,own,little,moderate,1188,21,business,1,56.57142857142857,mature,1,1,1,1
41,male,3,own,unknown,unknown,6313,24,car,0,263.0416666666667,mature,1,1,0,0
27,male,2,own,unknown,unknown,1221,6,furniture/equipment,0,203.5,mature,1,1,0,0
51,male,2,free,little,rich,2892,24,furniture/equipment,0,120.5,mature,1,0,1,1
32,male,2,rent,quite rich,unknown,3062,24,furniture/equipment,0,127.58333333333333,mature,1,0,1,0
22,female,2,rent,moderate,unknown,2301,9,furniture/equipment,0,255.66666666666666,young,1,0,1,0
51,male,2,free,unknown,little,7511,18,car,1,417.27777777777777,mature,1,0,0,1
22,female,1,rent,little,unknown,1258,12,furniture/equipment,0,104.83333333333333,young,0,0,1,0
54,male,2,own,unknown,unknown,717,24,car,0,29.875,mature,1,1,0,0
35,male,0,own,unknown,moderate,1549,9,car,0,172.11111111111111,mature,0,1,0,1
54,male,2,free,little,unknown,1597,24,education,0,66.54166666666667,mature,1,0,1,0
48,female,1,rent,little,moderate,1795,18,radio/TV,0,99.72222222222223,mature,0,0,1,1
24,female,2,own,little,little,4272,20,furniture/equipment,0,213.6,young,1,1,1,1
35,male,2,own,unknown,unknown,976,12,radio/TV,0,81.33333333333333,mature,1,1,0,0
24,female,0,rent,unknown,moderate,7472,12,car,0,622.6666666666666,young,0,0,0,1
24,male,2,own,little,little,9271,36,car,1,257.52777777777777,young,1,1,1,1
26,male,1,own,little,moderate,590,6,radio/TV,0,98.33333333333333,mature,0,1,1,1
65,male,2,own,unknown,unknown,930,12,radio/TV,0,77.5,senior,1,1,0,0
55,male,3,free,little,moderate,9283,42,car,0,221.02380952380952,mature,1,0,1,1
26,female,0,rent,little,moderate,1778,15,car,1,118.53333333333333,mature,0,0,1,1
26,male,2,own,little,moderate,907,8,business,0,113.375,mature,1,1,1,1
28,male,1,own,little,moderate,484,6,radio/TV,0,80.66666666666667,mature,0,1,1,1
24,male,2,own,little,little,9629,36,car,1,267.47222222222223,young,1,1,1,1
54,male,2,own,little,little,3051,48,domestic appliances,1,63.5625,mature,1,1,1,1
46,male,2,free,little,little,3931,48,car,1,81.89583333333333,mature,1,0,1,1
54,female,2,rent,little,moderate,7432,36,car,0,206.44444444444446,mature,1,0,1,1
62,male,2,own,quite rich,unknown,1338,6,domestic appliances,0,223.0,senior,1,1,1,0
24,female,2,rent,little,unknown,1554,6,radio/TV,0,259.0,young,1,0,1,0
43,male,3,own,little,little,15857,36,vacation/others,0,440.47222222222223,mature,1,1,1,1
26,male,2,own,little,little,1345,18,radio/TV,1,74.72222222222223,mature,1,1,1,1
27,male,2,own,little,unknown,1101,12,car,0,91.75,mature,1,1,1,0
24,male,2,own,little,rich,3016,12,radio/TV,0,251.33333333333334,young,1,1,1,1
41,male,2,own,little,little,2712,36,furniture/equipment,1,75.33333333333333,mature,1,1,1,1
47,male,1,own,little,little,731,8,car,0,91.375,mature,0,1,1,1
35,male,3,own,little,unknown,3780,18,furniture/equipment,0,210.0,mature,1,1,1,0
30,male,2,own,little,little,1602,21,car,0,76.28571428571429,mature,1,1,1,1
33,female,2,rent,little,little,3966,18,car,1,220.33333333333334,mature,1,0,1,1
36,male,2,own,little,unknown,4165,18,business,1,231.38888888888889,mature,1,1,1,0
47,male,2,free,unknown,little,8335,36,car,1,231.52777777777777,mature,1,0,0,1
38,male,2,free,unknown,moderate,6681,48,business,0,139.1875,mature,1,0,0,1
44,male,2,own,quite rich,unknown,2375,24,business,0,98.95833333333333,mature,1,1,1,0
23,female,2,rent,little,little,1216,18,car,1,67.55555555555556,young,1,0,1,1
29,male,2,rent,little,little,11816,45,business,1,262.5777777777778,mature,1,0,1,1
42,female,2,own,unknown,moderate,5084,24,radio/TV,0,211.83333333333334,mature,1,1,0,1
25,female,1,own,little,rich,2327,15,radio/TV,1,155.13333333333333,mature,0,1,1,1
48,male,2,own,little,little,1082,12,car,1,90.16666666666667,mature,1,1,1,1
21,female,2,own,unknown,unknown,886,12,radio/TV,0,73.83333333333333,young,1,1,0,0
23,female,1,rent,little,unknown,601,4,furniture/equipment,0,150.25,young,0,0,1,0
63,male,2,own,little,little,2957,24,car,0,123.20833333333333,senior,1,1,1,1
46,male,2,own,little,unknown,2611,24,radio/TV,0,108.79166666666667,mature,1,1,1,0
29,male,2,own,little,little,5179,36,furniture/equipment,1,143.86111111111111,mature,1,1,1,1
28,male,1,own,little,unknown,2993,21,car,0,142.52380952380952,mature,0,1,1,0
23,female,2,own,little,unknown,1943,18,repairs,1,107.94444444444444,young,1,1,1,0
50,male,2,own,little,unknown,1559,24,business,0,64.95833333333333,mature,1,1,1,0
47,male,2,own,little,unknown,3422,18,furniture/equipment,0,190.11111111111111,mature,1,1,1,0
35,male,2,own,unknown,moderate,3976,21,furniture/equipment,0,189.33333333333334,mature,1,1,0,1
68,male,2,rent,unknown,unknown,6761,18,car,1,375.6111111111111,senior,1,0,0,0
28,male,2,own,little,unknown,1249,24,car,0,52.041666666666664,mature,1,1,1,0
59,male,2,own,little,little,1364,9,radio/TV,0,151.55555555555554,mature,1,1,1,1
57,male,1,own,little,little,709,12,radio/TV,1,59.083333333333336,mature,0,1,1,1
33,male,2,rent,little,little,2235,20,car,1,111.75,mature,1,0,1,1
43,male,2,own,unknown,unknown,4042,24,car,0,168.41666666666666,mature,1,1,0,0
35,male,2,free,little,unknown,1471,15,radio/TV,0,98.06666666666666,mature,1,0,1,0
32,male,1,free,little,little,1442,18,car,1,80.11111111111111,mature,0,0,1,1
45,male,2,own,little,unknown,10875,36,car,0,302.0833333333333,mature,1,1,1,0
33,male,2,own,moderate,unknown,1474,24,car,0,61.416666666666664,mature,1,1,1,0
40,female,2,own,unknown,unknown,894,10,education,0,89.4,mature,1,1,0,0
28,male,2,free,little,unknown,3343,15,furniture/equipment,0,222.86666666666667,mature,1,0,1,0
29,female,2,own,little,little,3959,15,car,1,263.93333333333334,mature,1,1,1,1
26,male,2,rent,moderate,unknown,3577,9,car,0,397.44444444444446,mature,1,0,1,0
27,male,2,own,rich,unknown,5804,24,car,0,241.83333333333334,mature,1,1,1,0
28,male,2,own,little,unknown,2169,18,business,1,120.5,mature,1,1,1,0
35,female,2,own,little,little,2439,24,radio/TV,1,101.625,mature,1,1,1,1
32,male,1,own,rich,unknown,4526,27,furniture/equipment,0,167.62962962962962,mature,0,1,1,0
25,male,1,rent,little,unknown,2210,10,furniture/equipment,1,221.0,mature,0,0,1,0
20,female,2,rent,quite rich,unknown,2221,15,furniture/equipment,0,148.06666666666666,young,1,0,1,0
27,female,2,own,little,little,2389,18,radio/TV,0,132.72222222222223,mature,1,1,1,1
42,male,2,own,little,unknown,3331,12,furniture/equipment,0,277.5833333333333,mature,1,1,1,0
37,male,2,own,unknown,unknown,7409,36,business,0,205.80555555555554,mature,1,1,0,0
24,female,2,rent,little,little,652,12,furniture/equipment,0,54.333333333333336,young,1,0,1,1
40,female,2,own,quite rich,unknown,7678,36,furniture/equipment,0,213.27777777777777,mature,1,1,1,0
46,male,2,own,little,rich,1343,6,car,0,223.83333333333334,mature,1,1,1,1
26,male,2,own,moderate,little,1382,24,business,0,57.583333333333336,mature,1,1,1,1
24,female,2,own,unknown,unknown,874,15,domestic appliances,0,58.266666666666666,young,1,1,0,0
29,male,1,own,little,little,3590,12,furniture/equipment,0,299.1666666666667,mature,0,1,1,1
40,female,2,own,rich,moderate,1322,11,car,0,120.18181818181819,mature,1,1,1,1
36,male,3,free,little,little,1940,18,radio/TV,0,107.77777777777777,mature,1,0,1,1
28,male,2,own,little,unknown,3595,36,radio/TV,0,99.86111111111111,mature,1,1,1,0
27,male,3,free,little,little,1422,9,car,1,158.0,mature,1,0,1,1
36,male,2,own,unknown,unknown,6742,30,radio/TV,0,224.73333333333332,mature,1,1,0,0
38,male,3,own,little,unknown,7814,24,car,0,325.5833333333333,mature,1,1,1,0
48,male,2,free,unknown,unknown,9277,24,car,0,386.5416666666667,mature,1,0,0,0
36,male,2,own,unknown,moderate,2181,30,car,0,72.7,mature,1,1,0,1
65,female,0,own,little,unknown,1098,18,radio/TV,0,61.0,senior,0,1,1,0
43,male,2,own,little,moderate,4057,24,furniture/equipment,1,169.04166666666666,mature,1,1,1,1
53,female,2,own,little,little,795,12,education,1,66.25,mature,1,1,1,1
34,male,2,own,unknown,moderate,2825,24,business,0,117.70833333333333,mature,1,1,0,1
23,male,2,own,little,moderate,15672,48,business,1,326.5,young,1,1,1,1
34,male,3,own,little,unknown,6614,36,car,0,183.72222222222223,mature,1,1,1,0
40,male,2,rent,unknown,unknown,7824,28,car,0,279.42857142857144,mature,1,0,0,0
43,male,3,own,little,little,2442,27,business,0,90.44444444444444,mature,1,1,1,1
46,male,2,own,little,unknown,1829,15,radio/TV,0,121.93333333333334,mature,1,1,1,0
38,male,1,own,little,little,2171,12,car,0,180.91666666666666,mature,0,1,1,1
34,male,2,own,little,moderate,5800,36,car,0,161.11111111111111,mature,1,1,1,1
29,male,2,own,unknown,unknown,1169,18,radio/TV,0,64.94444444444444,mature,1,1,0,0
31,male,3,own,unknown,unknown,8947,36,car,0,248.52777777777777,mature,1,1,0,0
28,female,3,rent,little,little,2606,21,radio/TV,0,124.0952380952381,mature,1,0,1,1
35,female,2,own,rich,unknown,1592,12,furniture/equipment,0,132.66666666666666,mature,1,1,1,0
33,female,1,rent,unknown,unknown,2186,15,furniture/equipment,0,145.73333333333332,mature,0,0,0,0
42,male,2,own,little,little,4153,18,furniture/equipment,1,230.72222222222223,mature,1,1,1,1
43,male,2,rent,little,little,2625,16,car,1,164.0625,mature,1,0,1,1
44,male,2,own,unknown,unknown,3485,20,car,0,174.25,mature,1,1,0,0
42,male,2,free,unknown,unknown,10477,36,car,0,291.02777777777777,mature,1,0,0,0
40,male,2,rent,unknown,unknown,1386,15,radio/TV,0,92.4,mature,1,0,0,0
36,male,3,own,little,unknown,1278,24,radio/TV,0,53.25,mature,1,1,1,0
20,male,3,rent,little,little,1107,12,radio/TV,0,92.25,young,1,0,1,1
24,male,1,own,unknown,little,3763,21,car,0,179.1904761904762,young,0,1,0,1
27,male,2,own,unknown,moderate,3711,36,education,0,103.08333333333333,mature,1,1,0,1
46,female,1,own,little,unknown,3594,15,car,0,239.6,mature,0,1,1,0
33,female,1,own,unknown,moderate,3195,9,car,0,355.0,mature,0,1,0,1
34,female,2,own,little,unknown,4454,36,radio/TV,0,123.72222222222223,mature,1,1,1,0
25,female,1,own,little,moderate,4736,24,furniture/equipment,1,197.33333333333334,mature,0,1,1,1
25,female,2,own,unknown,moderate,2991,30,radio/TV,0,99.7,mature,1,1,0,1
28,male,2,own,rich,unknown,2142,11,business,0,194.72727272727272,mature,1,1,1,0
31,male,2,rent,little,little,3161,24,business,1,131.70833333333334,mature,1,0,1,1
32,female,3,own,little,moderate,18424,48,vacation/others,1,383.8333333333333,mature,1,1,1,1
32,male,2,own,moderate,unknown,2848,10,car,0,284.8,mature,1,1,1,0
68,male,3,own,little,little,14896,6,car,1,2482.6666666666665,senior,1,1,1,1
33,male,2,own,moderate,little,2359,24,furniture/equipment,1,98.29166666666667,mature,1,1,1,1
39,male,3,rent,little,little,3345,24,furniture/equipment,1,139.375,mature,1,0,1,1
28,female,2,own,little,unknown,1817,18,furniture/equipment,0,100.94444444444444,mature,1,1,1,0
37,male,3,own,quite rich,unknown,12749,48,radio/TV,0,265.6041666666667,mature,1,1,1,0
22,female,2,rent,little,little,1366,9,radio/TV,1,151.77777777777777,young,1,0,1,1
30,male,2,rent,little,moderate,2002,12,car,0,166.83333333333334,mature,1,0,1,1
55,male,2,own,little,little,6872,24,furniture/equipment,1,286.3333333333333,mature,1,1,1,1
46,male,2,own,little,little,697,12,car,1,58.083333333333336,mature,1,1,1,1
21,female,2,rent,little,little,1049,18,furniture/equipment,0,58.27777777777778,young,1,0,1,1
39,male,2,free,little,little,10297,48,car,1,214.52083333333334,mature,1,0,1,1
58,male,2,own,unknown,unknown,1867,30,radio/TV,0,62.233333333333334,mature,1,1,0,0
43,male,1,own,little,little,1344,12,car,0,112.0,mature,0,1,1,1
24,male,1,own,little,little,1747,24,furniture/equipment,0,72.79166666666667,young,0,1,1,1
22,female,2,own,little,moderate,1670,9,radio/TV,1,185.55555555555554,young,1,1,1,1
30,male,2,own,little,unknown,1224,9,car,0,136.0,mature,1,1,1,0
42,male,2,own,quite rich,unknown,522,12,radio/TV,0,43.5,mature,1,1,1,0
23,female,2,own,little,little,1498,12,radio/TV,0,124.83333333333333,young,1,1,1,1
30,male,3,own,moderate,moderate,1919,30,radio/TV,1,63.96666666666667,mature,1,1,1,1
28,female,1,own,little,rich,745,9,radio/TV,1,82.77777777777777,mature,0,1,1,1
30,male,3,rent,little,moderate,2063,6,radio/TV,0,343.8333333333333,mature,1,0,1,1
42,male,2,free,little,moderate,6288,60,education,1,104.8,mature,1,0,1,1
46,male,3,own,unknown,unknown,6842,24,car,0,285.0833333333333,mature,1,1,0,0
45,male,3,own,unknown,unknown,3527,12,car,0,293.9166666666667,mature,1,1,0,0
31,male,1,own,little,unknown,1546,10,car,0,154.6,mature,0,1,1,0
31,male,2,own,unknown,unknown,929,24,furniture/equipment,0,38.708333333333336,mature,1,1,0,0
42,male,1,own,little,unknown,1455,4,car,0,363.75,mature,0,1,1,0
46,female,2,rent,little,little,1845,15,furniture/equipment,0,123.0,mature,1,0,1,1
30,female,2,own,quite rich,moderate,8358,48,car,0,174.125,mature,1,1,1,1
30,male,2,free,quite rich,little,3349,24,furniture/equipment,1,139.54166666666666,mature,1,0,1,1
38,male,3,own,unknown,unknown,2859,12,car,0,238.25,mature,1,1,0,0
43,male,1,own,little,unknown,1533,18,furniture/equipment,1,85.16666666666667,mature,0,1,1,0
31,male,2,own,moderate,unknown,3621,24,radio/TV,1,150.875,mature,1,1,1,0
40,male,0,own,little,moderate,3590,18,business,0,199.44444444444446,mature,0,1,1,1
24,male,2,own,little,little,2145,36,business,1,59.583333333333336,young,1,1,1,1
28,female,2,rent,quite rich,moderate,4113,24,car,1,171.375,mature,1,0,1,1
26,female,3,own,little,unknown,10974,36,furniture/equipment,1,304.8333333333333,mature,1,1,1,0
29,female,2,own,little,little,1893,12,car,0,157.75,mature,1,1,1,1
57,female,3,rent,rich,little,1231,24,radio/TV,0,51.291666666666664,mature,1,0,1,1
49,male,1,own,unknown,rich,3656,30,radio/TV,0,121.86666666666666,mature,0,1,0,1
37,male,1,own,little,moderate,1154,9,radio/TV,0,128.22222222222223,mature,0,1,1,1
45,male,1,own,little,little,4006,28,car,1,143.07142857142858,mature,0,1,1,1
30,male,2,free,moderate,moderate,3069,24,furniture/equipment,0,127.875,mature,1,0,1,1
30,male,2,rent,little,unknown,1740,6,radio/TV,0,290.0,mature,1,0,1,0
47,male,2,own,little,moderate,2353,21,car,0,112.04761904761905,mature,1,1,1,1
29,male,2,own,unknown,unknown,3556,15,car,0,237.06666666666666,mature,1,1,0,0
35,male,2,own,quite rich,unknown,2397,24,radio/TV,1,99.875,mature,1,1,1,0
22,male,1,own,little,moderate,454,6,repairs,0,75.66666666666667,young,0,1,1,1
26,female,2,own,unknown,moderate,1715,30,radio/TV,0,57.166666666666664,mature,1,1,0,1
23,male,1,own,quite rich,moderate,2520,27,radio/TV,1,93.33333333333333,young,0,1,1,1
54,female,3,rent,little,unknown,3568,15,radio/TV,0,237.86666666666667,mature,1,0,1,0
29,male,2,rent,unknown,unknown,7166,42,radio/TV,0,170.61904761904762,mature,1,0,0,0
40,male,1,own,little,little,3939,11,car,0,358.09090909090907,mature,0,1,1,1
22,male,2,own,moderate,moderate,1514,15,repairs,0,100.93333333333334,young,1,1,1,1
43,male,1,own,little,unknown,7393,24,car,0,308.0416666666667,mature,0,1,1,0
29,female,0,rent,little,little,1193,24,car,1,49.708333333333336,mature,0,0,1,1
36,male,2,rent,little,little,7297,60,business,1,121.61666666666666,mature,1,0,1,1
33,female,2,own,little,unknown,2831,30,radio/TV,0,94.36666666666666,mature,1,1,1,0
57,female,1,own,quite rich,rich,1258,24,radio/TV,0,52.416666666666664,mature,0,1,1,1
64,female,2,own,little,moderate,753,6,radio/TV,0,125.5,senior,1,1,1,1
42,male,2,own,unknown,moderate,2427,18,business,0,134.83333333333334,mature,1,1,0,1
47,male,1,own,little,unknown,2538,24,car,1,105.75,mature,0,1,1,0
25,male,2,rent,moderate,moderate,1264,15,car,1,84.26666666666667,mature,1,0,1,1
49,male,2,own,little,moderate,8386,30,furniture/equipment,1,279.53333333333336,mature,1,1,1,1
33,male,3,rent,little,unknown,4844,48,business,1,100.91666666666667,mature,1,0,1,0
28,female,3,own,moderate,rich,2923,21,car,0,139.1904761904762,mature,1,1,1,1
26,male,2,own,little,little,8229,36,car,1,228.58333333333334,mature,1,1,1,1
30,male,1,own,little,unknown,2028,24,furniture/equipment,0,84.5,mature,0,1,1,0
25,female,2,rent,little,little,1433,15,furniture/equipment,0,95.53333333333333,mature,1,0,1,1
33,male,2,own,little,rich,6289,42,business,0,149.73809523809524,mature,1,1,1,1
64,female,2,own,moderate,unknown,1409,13,radio/TV,0,108.38461538461539,senior,1,1,1,0
29,male,3,free,little,little,6579,24,car,0,274.125,mature,1,0,1,1
48,male,1,own,little,moderate,1743,24,radio/TV,0,72.625,mature,0,1,1,1
37,male,1,own,unknown,unknown,3565,12,education,0,297.0833333333333,mature,0,1,0,0
34,male,1,own,moderate,unknown,1569,15,radio/TV,0,104.6,mature,0,1,1,0
23,male,1,rent,unknown,little,1936,18,radio/TV,0,107.55555555555556,young,0,0,0,1
30,male,3,own,little,little,3959,36,furniture/equipment,0,109.97222222222223,mature,1,1,1,1
50,male,2,own,unknown,unknown,2390,12,car,0,199.16666666666666,mature,1,1,0,0
31,female,1,own,little,unknown,1736,12,furniture/equipment,0,144.66666666666666,mature,0,1,1,0
40,male,3,own,little,little,3857,30,car,0,128.56666666666666,mature,1,1,1,1
38,male,2,own,little,unknown,804,12,radio/TV,0,67.0,mature,1,1,1,0
23,male,2,free,little,little,1845,45,radio/TV,1,41.0,young,1,0,1,1
27,male,2,own,moderate,moderate,4576,45,car,0,101.68888888888888,mature,1,1,1,1
